Method,Path,ContractStatus,ImplStatus,GapType,RegisterGapId
GET,/v1/me,DOCUMENTED,IMPLEMENTED,PASS,SP-001
PATCH,/v1/me,IMPLEMENTED_UNDOCUMENTED,IMPLEMENTED,CONTRACT_GAP,SP-001
DELETE,/v1/me,IMPLEMENTED_UNDOCUMENTED,IMPLEMENTED,CONTRACT_GAP,SP-001
GET,/v1/me/devices,IMPLEMENTED_UNDOCUMENTED,IMPLEMENTED,CONTRACT_GAP,SP-001
GET,/v1/me/consents,IMPLEMENTED_UNDOCUMENTED,IMPLEMENTED,CONTRACT_GAP,SP-001
POST,/v1/me/consents/grant,IMPLEMENTED_UNDOCUMENTED,IMPLEMENTED,CONTRACT_GAP,SP-001
POST,/v1/me/consents/withdraw,IMPLEMENTED_UNDOCUMENTED,IMPLEMENTED,CONTRACT_GAP,SP-001
POST,/v1/me/devices,DOCUMENTED,IMPLEMENTED,PASS,SP-001
DELETE,/v1/me/devices/{deviceId},DOCUMENTED,IMPLEMENTED,PASS,SP-001
GET,/v1/personal/moments,DOCUMENTED,IMPLEMENTED,PASS,SP-001
GET,/v1/group/moments,DOCUMENTED,IMPLEMENTED,PASS,SP-001
GET,/v1/business/moments,DOCUMENTED,IMPLEMENTED,PASS,SP-001
GET,/v1/companies,DOCUMENTED,IMPLEMENTED,PASS,SP-001
POST,/v1/companies,DOCUMENTED,IMPLEMENTED,PASS,SP-001
GET,/v1/companies/{companyId}/locations,DOCUMENTED,IMPLEMENTED,PASS,SP-001
POST,/v1/companies/{companyId}/locations,DOCUMENTED,IMPLEMENTED,PASS,SP-001
GET,/v1/companies/{companyId},DOCUMENTED,IMPLEMENTED,PASS,SP-001
PATCH,/v1/companies/{companyId},DOCUMENTED,IMPLEMENTED,PASS,SP-001
PATCH,/v1/companies/{companyId}/locations/{locationId},DOCUMENTED,IMPLEMENTED,PASS,SP-001
GET,/v1/companies/{companyId}/teams,DOCUMENTED,IMPLEMENTED,PASS,SP-001
POST,/v1/companies/{companyId}/teams,DOCUMENTED,IMPLEMENTED,PASS,SP-001
GET,/v1/companies/{companyId}/members,IMPLEMENTED_UNDOCUMENTED,IMPLEMENTED,CONTRACT_GAP,SP-001
POST,/v1/companies/{companyId}/members,IMPLEMENTED_UNDOCUMENTED,IMPLEMENTED,CONTRACT_GAP,SP-001
POST,/v1/companies/{companyId}/vendors,IMPLEMENTED_UNDOCUMENTED,IMPLEMENTED,CONTRACT_GAP,SP-001
PATCH,/v1/companies/{companyId}/vendors/{vendorId},IMPLEMENTED_UNDOCUMENTED,IMPLEMENTED,CONTRACT_GAP,SP-001
POST,/v1/companies/{companyId}/vendors/{vendorId}/contracts,IMPLEMENTED_UNDOCUMENTED,IMPLEMENTED,CONTRACT_GAP,SP-001
POST,/v1/companies/{companyId}/vendors/{vendorId}/sla-definitions,IMPLEMENTED_UNDOCUMENTED,IMPLEMENTED,CONTRACT_GAP,SP-001
POST,/v1/companies/{companyId}/sla-definitions/{slaDefinitionId}/checks,IMPLEMENTED_UNDOCUMENTED,IMPLEMENTED,CONTRACT_GAP,SP-001
POST,/v1/moments/{momentId}/issues,IMPLEMENTED_UNDOCUMENTED,IMPLEMENTED,CONTRACT_GAP,SP-001
POST,/v1/moments/{momentId}/risks,IMPLEMENTED_UNDOCUMENTED,IMPLEMENTED,CONTRACT_GAP,SP-001
POST,/v1/moments/{momentId}/improvements,IMPLEMENTED_UNDOCUMENTED,IMPLEMENTED,CONTRACT_GAP,SP-001
POST,/v1/moments/{momentId}/business-updates,IMPLEMENTED_UNDOCUMENTED,IMPLEMENTED,CONTRACT_GAP,SP-001
POST,/v1/moments/{momentId}/approval-requests,IMPLEMENTED_UNDOCUMENTED,IMPLEMENTED,CONTRACT_GAP,SP-001
POST,/v1/moments/{momentId}/tax-obligations,IMPLEMENTED_UNDOCUMENTED,IMPLEMENTED,CONTRACT_GAP,SP-001
POST,/v1/moments/{momentId}/forecast-scenarios,IMPLEMENTED_UNDOCUMENTED,IMPLEMENTED,CONTRACT_GAP,SP-001
POST,/v1/moments/{momentId}/investor-updates,IMPLEMENTED_UNDOCUMENTED,IMPLEMENTED,CONTRACT_GAP,SP-001
POST,/v1/moments/{momentId}/budget-alerts,IMPLEMENTED_UNDOCUMENTED,IMPLEMENTED,CONTRACT_GAP,SP-001
POST,/v1/moments/{momentId}/business-reviews,IMPLEMENTED_UNDOCUMENTED,IMPLEMENTED,CONTRACT_GAP,SP-001
POST,/v1/moments/{momentId}/decisions,IMPLEMENTED_UNDOCUMENTED,IMPLEMENTED,CONTRACT_GAP,SP-001
POST,/v1/moments/{momentId}/meeting-records,IMPLEMENTED_UNDOCUMENTED,IMPLEMENTED,CONTRACT_GAP,SP-001
POST,/v1/moments/{momentId}/recognitions,IMPLEMENTED_UNDOCUMENTED,IMPLEMENTED,CONTRACT_GAP,SP-001
POST,/v1/moments/{momentId}/retrospectives,IMPLEMENTED_UNDOCUMENTED,IMPLEMENTED,CONTRACT_GAP,SP-001
POST,/v1/moments/{momentId}/activity-log-entries,IMPLEMENTED_UNDOCUMENTED,IMPLEMENTED,CONTRACT_GAP,SP-001
GET,/v1/business/moments/{momentId}/capacity,DOCUMENTED,IMPLEMENTED,PASS,SP-001
GET,/v1/business/moments/{momentId}/workload,DOCUMENTED,IMPLEMENTED,PASS,SP-001
GET,/v1/business/moments/{momentId}/mom-deltas,DOCUMENTED,IMPLEMENTED,PASS,SP-001
GET,/v1/business/moments/{momentId}/progress-snapshot,DOCUMENTED,IMPLEMENTED,PASS,SP-001
GET,/v1/business/moments/{momentId}/roster,DOCUMENTED,IMPLEMENTED,PASS,SP-001
GET,/v1/business/moments/{momentId}/weekly-report,DOCUMENTED,IMPLEMENTED,PASS,SP-001
POST,/v1/moments/{momentId}/issues/{issueId}/evidence,IMPLEMENTED_UNDOCUMENTED,IMPLEMENTED,CONTRACT_GAP,SP-001
POST,/v1/business/moments/{momentId}/share-link,DOCUMENTED,IMPLEMENTED,PASS,SP-001
GET,/v1/business/setups,IMPLEMENTED_UNDOCUMENTED,IMPLEMENTED,CONTRACT_GAP,SP-001
POST,/v1/business/setups/{familyCode}/activate,IMPLEMENTED_UNDOCUMENTED,IMPLEMENTED,CONTRACT_GAP,SP-001
GET,/v1/business/moments/{momentId}/${facet},IMPLEMENTED_UNDOCUMENTED,IMPLEMENTED,CONTRACT_GAP,SP-001
GET,/v1/business/moments/{momentId}/activity,IMPLEMENTED_UNDOCUMENTED,IMPLEMENTED,CONTRACT_GAP,SP-001
GET,/v1/business/moments/{momentId}/moments,IMPLEMENTED_UNDOCUMENTED,IMPLEMENTED,CONTRACT_GAP,SP-001
GET,/v1/business/moments/{momentId}/${route.path},IMPLEMENTED_UNDOCUMENTED,IMPLEMENTED,CONTRACT_GAP,SP-001
GET,/v1/companies/{companyId}/vendors,IMPLEMENTED_UNDOCUMENTED,IMPLEMENTED,CONTRACT_GAP,SP-001
POST,/v1/business/moments/{momentId}/memories,IMPLEMENTED_UNDOCUMENTED,IMPLEMENTED,CONTRACT_GAP,SP-001
POST,/v1/moments/{momentId}/business-expenses,IMPLEMENTED_UNDOCUMENTED,IMPLEMENTED,CONTRACT_GAP,SP-001
POST,/v1/moments/{momentId}/revenues,IMPLEMENTED_UNDOCUMENTED,IMPLEMENTED,CONTRACT_GAP,SP-001
POST,/v1/moments/{momentId}/invoices,IMPLEMENTED_UNDOCUMENTED,IMPLEMENTED,CONTRACT_GAP,SP-001
POST,/v1/approvals/{approvalRequestId}/decide,IMPLEMENTED_UNDOCUMENTED,IMPLEMENTED,CONTRACT_GAP,SP-001
POST,/v1/moments,DOCUMENTED,IMPLEMENTED,PASS,SP-001
GET,/v1/moments/{momentId},DOCUMENTED,IMPLEMENTED,PASS,SP-001
PATCH,/v1/moments/{momentId},DOCUMENTED,IMPLEMENTED,PASS,SP-001
POST,/v1/moments/{momentId}/archive,DOCUMENTED,IMPLEMENTED,PASS,SP-001
POST,/v1/moments/{momentId}/cancel,DOCUMENTED,IMPLEMENTED,PASS,SP-001
DELETE,/v1/moments/{momentId},DOCUMENTED,IMPLEMENTED,PASS,SP-001
POST,/v1/moments/{momentId}/goals,DOCUMENTED,IMPLEMENTED,PASS,SP-001
POST,/v1/moments/{momentId}/milestones,DOCUMENTED,IMPLEMENTED,PASS,SP-001
POST,/v1/moments/{momentId}/tasks,DOCUMENTED,IMPLEMENTED,PASS,SP-001
GET,/v1/moments/{momentId}/activity,DOCUMENTED,IMPLEMENTED,PASS,SP-001
POST,/v1/moments/{momentId}/expenses,DOCUMENTED,IMPLEMENTED,PASS,SP-001
POST,/v1/moments/{momentId}/observations,DOCUMENTED,IMPLEMENTED,PASS,SP-001
POST,/v1/moments/{momentId}/future-items,DOCUMENTED,IMPLEMENTED,PASS,SP-001
POST,/v1/moments/{momentId}/lifestyle-activities,DOCUMENTED,IMPLEMENTED,PASS,SP-001
PATCH,/v1/moments/{momentId}/lifestyle-activities/{activityId},DOCUMENTED,IMPLEMENTED,PASS,SP-001
DELETE,/v1/moments/{momentId}/lifestyle-activities/{activityId},DOCUMENTED,IMPLEMENTED,PASS,SP-001
GET,/v1/moments/{momentId}/expenses/{expenseId},IMPLEMENTED_UNDOCUMENTED,IMPLEMENTED,CONTRACT_GAP,SP-001
PATCH,/v1/moments/{momentId}/expenses/{expenseId},IMPLEMENTED_UNDOCUMENTED,IMPLEMENTED,CONTRACT_GAP,SP-001
DELETE,/v1/moments/{momentId}/expenses/{expenseId},IMPLEMENTED_UNDOCUMENTED,IMPLEMENTED,CONTRACT_GAP,SP-001
GET,/v1/moments/{momentId}/expenses/{expenseId}/attachments,IMPLEMENTED_UNDOCUMENTED,IMPLEMENTED,CONTRACT_GAP,SP-001
POST,/v1/moments/{momentId}/expenses/{expenseId}/attachments,IMPLEMENTED_UNDOCUMENTED,IMPLEMENTED,CONTRACT_GAP,SP-001
DELETE,/v1/moments/{momentId}/expenses/{expenseId}/attachments/{uploadId},IMPLEMENTED_UNDOCUMENTED,IMPLEMENTED,CONTRACT_GAP,SP-001
GET,/v1/financial-accounts,IMPLEMENTED_UNDOCUMENTED,IMPLEMENTED,CONTRACT_GAP,SP-001
POST,/v1/financial-accounts,IMPLEMENTED_UNDOCUMENTED,IMPLEMENTED,CONTRACT_GAP,SP-001
POST,/v1/media/uploads,DOCUMENTED,IMPLEMENTED,PASS,SP-001
POST,/v1/media/uploads/{uploadId}/complete,DOCUMENTED,IMPLEMENTED,PASS,SP-001
POST,/v1/moments/{momentId}/income,IMPLEMENTED_UNDOCUMENTED,IMPLEMENTED,CONTRACT_GAP,SP-001
GET,/v1/moments/{momentId}/income/{incomeId},IMPLEMENTED_UNDOCUMENTED,IMPLEMENTED,CONTRACT_GAP,SP-001
PATCH,/v1/moments/{momentId}/income/{incomeId},IMPLEMENTED_UNDOCUMENTED,IMPLEMENTED,CONTRACT_GAP,SP-001
DELETE,/v1/moments/{momentId}/income/{incomeId},IMPLEMENTED_UNDOCUMENTED,IMPLEMENTED,CONTRACT_GAP,SP-001
POST,/v1/moments/{momentId}/movements,DOCUMENTED,IMPLEMENTED,PASS,SP-001
GET,/v1/moments/{momentId}/recurring-schedules,IMPLEMENTED_UNDOCUMENTED,IMPLEMENTED,CONTRACT_GAP,SP-001
POST,/v1/moments/{momentId}/recurring-schedules,IMPLEMENTED_UNDOCUMENTED,IMPLEMENTED,CONTRACT_GAP,SP-001
PATCH,/v1/moments/{momentId}/recurring-schedules/{scheduleId},IMPLEMENTED_UNDOCUMENTED,IMPLEMENTED,CONTRACT_GAP,SP-001
POST,/v1/moments/{momentId}/recurring-schedules/{scheduleId}/generate,IMPLEMENTED_UNDOCUMENTED,IMPLEMENTED,CONTRACT_GAP,SP-001
GET,/v1/personal/setups,IMPLEMENTED_UNDOCUMENTED,IMPLEMENTED,CONTRACT_GAP,SP-001
POST,/v1/personal/setups/{systemCode}/activate,IMPLEMENTED_UNDOCUMENTED,IMPLEMENTED,CONTRACT_GAP,SP-001
GET,/v1/personal/attention,DOCUMENTED,IMPLEMENTED,PASS,SP-001
GET,/v1/personal/pulse,DOCUMENTED,IMPLEMENTED,PASS,SP-001
GET,/v1/personal/activity,DOCUMENTED,IMPLEMENTED,PASS,SP-001
GET,/v1/personal/life,DOCUMENTED,IMPLEMENTED,PASS,SP-001
GET,/v1/personal/memory,DOCUMENTED,IMPLEMENTED,PASS,SP-001
GET,/v1/personal/moments/{momentId}/runtime-summary,IMPLEMENTED_UNDOCUMENTED,IMPLEMENTED,CONTRACT_GAP,SP-001
GET,/v1/personal/moments/{momentId}/mood-history,IMPLEMENTED_UNDOCUMENTED,IMPLEMENTED,CONTRACT_GAP,SP-001
GET,/v1/personal/moments/{momentId}/adjustment-insight,IMPLEMENTED_UNDOCUMENTED,IMPLEMENTED,CONTRACT_GAP,SP-001
GET,/v1/personal/moments/{momentId}/activity-summary,IMPLEMENTED_UNDOCUMENTED,IMPLEMENTED,CONTRACT_GAP,SP-001
GET,/v1/personal/moments/{momentId}/money-journey,IMPLEMENTED_UNDOCUMENTED,IMPLEMENTED,CONTRACT_GAP,SP-001
GET,/v1/finance/expense-categories,IMPLEMENTED_UNDOCUMENTED,IMPLEMENTED,CONTRACT_GAP,SP-001
GET,/v1/personal/moments/{momentId}/future-runtime-summary,IMPLEMENTED_UNDOCUMENTED,IMPLEMENTED,CONTRACT_GAP,SP-001
GET,/v1/personal/moments/{momentId}/future-axis-snapshot,IMPLEMENTED_UNDOCUMENTED,IMPLEMENTED,CONTRACT_GAP,SP-001
GET,/v1/personal/moments/{momentId}/future-inventory,IMPLEMENTED_UNDOCUMENTED,IMPLEMENTED,CONTRACT_GAP,SP-001
GET,/v1/personal/moments/{momentId}/future-journey,IMPLEMENTED_UNDOCUMENTED,IMPLEMENTED,CONTRACT_GAP,SP-001
PATCH,/v1/personal/moments/{momentId}/future-profile,IMPLEMENTED_UNDOCUMENTED,IMPLEMENTED,CONTRACT_GAP,SP-001
GET,/v1/personal/moments/{momentId}/lifestyle-runtime-summary,IMPLEMENTED_UNDOCUMENTED,IMPLEMENTED,CONTRACT_GAP,SP-001
GET,/v1/personal/moments/{momentId}/lifestyle-vitality-snapshot,IMPLEMENTED_UNDOCUMENTED,IMPLEMENTED,CONTRACT_GAP,SP-001
GET,/v1/personal/moments/{momentId}/lifestyle-inventory,IMPLEMENTED_UNDOCUMENTED,IMPLEMENTED,CONTRACT_GAP,SP-001
GET,/v1/personal/moments/{momentId}/lifestyle-journey,IMPLEMENTED_UNDOCUMENTED,IMPLEMENTED,CONTRACT_GAP,SP-001
PATCH,/v1/personal/moments/{momentId}/lifestyle-profile,IMPLEMENTED_UNDOCUMENTED,IMPLEMENTED,CONTRACT_GAP,SP-001
GET,/v1/personal/moments/{momentId}/relationships-runtime-summary,IMPLEMENTED_UNDOCUMENTED,IMPLEMENTED,CONTRACT_GAP,SP-001
GET,/v1/personal/moments/{momentId}/relationships-bond-snapshot,IMPLEMENTED_UNDOCUMENTED,IMPLEMENTED,CONTRACT_GAP,SP-001
GET,/v1/personal/moments/{momentId}/relationships-connections,IMPLEMENTED_UNDOCUMENTED,IMPLEMENTED,CONTRACT_GAP,SP-001
GET,/v1/personal/moments/{momentId}/relationships-journey,IMPLEMENTED_UNDOCUMENTED,IMPLEMENTED,CONTRACT_GAP,SP-001
PATCH,/v1/personal/moments/{momentId}/relationships-profile,IMPLEMENTED_UNDOCUMENTED,IMPLEMENTED,CONTRACT_GAP,SP-001
PATCH,/v1/personal/moments/{momentId}/life-ops-profile,IMPLEMENTED_UNDOCUMENTED,IMPLEMENTED,CONTRACT_GAP,SP-001
POST,/v1/moments/{momentId}/attention-captures,IMPLEMENTED_UNDOCUMENTED,IMPLEMENTED,CONTRACT_GAP,SP-001
POST,/v1/moments/{momentId}/life-ops-adjustments,IMPLEMENTED_UNDOCUMENTED,IMPLEMENTED,CONTRACT_GAP,SP-001
POST,/v1/moments/{momentId}/relationship-activities,DOCUMENTED,IMPLEMENTED,PASS,SP-001
GET,/v1/group/moments/{momentId}/participants,IMPLEMENTED_UNDOCUMENTED,IMPLEMENTED,CONTRACT_GAP,SP-001
POST,/v1/moments/{momentId}/participants,DOCUMENTED,IMPLEMENTED,PASS,SP-001
GET,/v1/group/moments/{momentId}/${facet},IMPLEMENTED_UNDOCUMENTED,IMPLEMENTED,CONTRACT_GAP,SP-001
GET,/v1/group/moments/{momentId}/activity,IMPLEMENTED_UNDOCUMENTED,IMPLEMENTED,CONTRACT_GAP,SP-001
PATCH,/v1/group/moments/{momentId}/budget,DOCUMENTED,IMPLEMENTED,PASS,SP-001
POST,/v1/moments/{momentId}/group-expenses,IMPLEMENTED_UNDOCUMENTED,IMPLEMENTED,CONTRACT_GAP,SP-001
POST,/v1/moments/{momentId}/contributions,DOCUMENTED,IMPLEMENTED,PASS,SP-001
GET,/v1/group/moments/{momentId}/planning-items,IMPLEMENTED_UNDOCUMENTED,IMPLEMENTED,CONTRACT_GAP,SP-001
POST,/v1/moments/{momentId}/planning-items,DOCUMENTED,IMPLEMENTED,PASS,SP-001
GET,/v1/group/moments/{momentId}/bookings,IMPLEMENTED_UNDOCUMENTED,IMPLEMENTED,CONTRACT_GAP,SP-001
POST,/v1/moments/{momentId}/bookings,DOCUMENTED,IMPLEMENTED,PASS,SP-001
GET,/v1/group/moments/{momentId}/polls,IMPLEMENTED_UNDOCUMENTED,IMPLEMENTED,CONTRACT_GAP,SP-001
POST,/v1/moments/{momentId}/polls,DOCUMENTED,IMPLEMENTED,PASS,SP-001
GET,/v1/polls/{pollId},DOCUMENTED,IMPLEMENTED,PASS,SP-001
POST,/v1/polls/{pollId}/votes,DOCUMENTED,IMPLEMENTED,PASS,SP-001
POST,/v1/polls/{pollId}/close,DOCUMENTED,IMPLEMENTED,PASS,SP-001
GET,/v1/group/moments/{momentId}/updates,IMPLEMENTED_UNDOCUMENTED,IMPLEMENTED,CONTRACT_GAP,SP-001
POST,/v1/moments/{momentId}/updates,DOCUMENTED,IMPLEMENTED,PASS,SP-001
GET,/v1/group/moments/{momentId}/purchase-items,IMPLEMENTED_UNDOCUMENTED,IMPLEMENTED,CONTRACT_GAP,SP-001
POST,/v1/moments/{momentId}/purchase-items,DOCUMENTED,IMPLEMENTED,PASS,SP-001
GET,/v1/group/moments/{momentId}/delivery-handovers,DOCUMENTED,IMPLEMENTED,PASS,SP-001
POST,/v1/moments/{momentId}/delivery-handovers,DOCUMENTED,IMPLEMENTED,PASS,SP-001
GET,/v1/group/moments/{momentId}/ownership-records,DOCUMENTED,IMPLEMENTED,PASS,SP-001
POST,/v1/moments/{momentId}/ownership-records,DOCUMENTED,IMPLEMENTED,PASS,SP-001
GET,/v1/group/moments/{momentId}/residents,IMPLEMENTED_UNDOCUMENTED,IMPLEMENTED,CONTRACT_GAP,SP-001
POST,/v1/moments/{momentId}/residents,DOCUMENTED,IMPLEMENTED,PASS,SP-001
GET,/v1/group/moments/{momentId}/memories,IMPLEMENTED_UNDOCUMENTED,IMPLEMENTED,CONTRACT_GAP,SP-001
POST,/v1/moments/{momentId}/memories,DOCUMENTED,IMPLEMENTED,PASS,SP-001
GET,/v1/moments/{momentId}/memories/{memoryId}/media,IMPLEMENTED_UNDOCUMENTED,IMPLEMENTED,CONTRACT_GAP,SP-001
POST,/v1/moments/{momentId}/memories/{memoryId}/media,IMPLEMENTED_UNDOCUMENTED,IMPLEMENTED,CONTRACT_GAP,SP-001
GET,/v1/group/moments/{momentId}/vendors,IMPLEMENTED_UNDOCUMENTED,IMPLEMENTED,CONTRACT_GAP,SP-001
POST,/v1/moments/{momentId}/vendors,IMPLEMENTED_UNDOCUMENTED,IMPLEMENTED,CONTRACT_GAP,SP-001
GET,/v1/group/moments/{momentId}/attendance,IMPLEMENTED_UNDOCUMENTED,IMPLEMENTED,CONTRACT_GAP,SP-001
POST,/v1/moments/{momentId}/attendance,IMPLEMENTED_UNDOCUMENTED,IMPLEMENTED,CONTRACT_GAP,SP-001
GET,/v1/group/moments/{momentId}/living-rules,IMPLEMENTED_UNDOCUMENTED,IMPLEMENTED,CONTRACT_GAP,SP-001
POST,/v1/moments/{momentId}/living-rules,IMPLEMENTED_UNDOCUMENTED,IMPLEMENTED,CONTRACT_GAP,SP-001
GET,/v1/group/moments/{momentId}/shared-assets,IMPLEMENTED_UNDOCUMENTED,IMPLEMENTED,CONTRACT_GAP,SP-001
POST,/v1/moments/{momentId}/shared-assets,IMPLEMENTED_UNDOCUMENTED,IMPLEMENTED,CONTRACT_GAP,SP-001
GET,/v1/group/moments/{momentId}/maintenance-records,IMPLEMENTED_UNDOCUMENTED,IMPLEMENTED,CONTRACT_GAP,SP-001
POST,/v1/moments/{momentId}/maintenance-records,IMPLEMENTED_UNDOCUMENTED,IMPLEMENTED,CONTRACT_GAP,SP-001
POST,/v1/moments/{momentId}/settlements,IMPLEMENTED_UNDOCUMENTED,IMPLEMENTED,CONTRACT_GAP,SP-001
POST,/v1/group/invites,IMPLEMENTED_UNDOCUMENTED,IMPLEMENTED,CONTRACT_GAP,SP-001
GET,/v1/group/invites/{code},IMPLEMENTED_UNDOCUMENTED,IMPLEMENTED,CONTRACT_GAP,SP-001
POST,/v1/group/invites/{code}/redeem,IMPLEMENTED_UNDOCUMENTED,IMPLEMENTED,CONTRACT_GAP,SP-001
POST,/v1/company/invites,DOCUMENTED,IMPLEMENTED,PASS,SP-001
GET,/v1/company/invites/{code},DOCUMENTED,IMPLEMENTED,PASS,SP-001
POST,/v1/company/invites/{code}/redeem,DOCUMENTED,IMPLEMENTED,PASS,SP-001
GET,/v1/analytics/metrics,IMPLEMENTED_UNDOCUMENTED,IMPLEMENTED,CONTRACT_GAP,SP-001
GET,/v1/analytics/insights,IMPLEMENTED_UNDOCUMENTED,IMPLEMENTED,CONTRACT_GAP,SP-001
POST,/v1/analytics/refresh,IMPLEMENTED_UNDOCUMENTED,IMPLEMENTED,CONTRACT_GAP,SP-001
POST,/v1/ai/action-proposals/{actionProposalId}/execute,DOCUMENTED,IMPLEMENTED,PASS,SP-001
GET,/v1/life360,DOCUMENTED,IMPLEMENTED,PASS,SP-001
GET,/v1/group/moments/{momentId}/pulse,DOCUMENTED_ONLY,IMPLEMENTED,API_GAP,SP-001
GET,/v1/group/moments/{momentId}/life,DOCUMENTED_ONLY,IMPLEMENTED,API_GAP,SP-001
GET,/v1/group/moments/{momentId}/memory,DOCUMENTED_ONLY,IMPLEMENTED,API_GAP,SP-001
GET,/v1/group/moments/{momentId}/finance,DOCUMENTED_ONLY,IMPLEMENTED,API_GAP,SP-001
GET,/v1/group/moments/{momentId}/actions,DOCUMENTED_ONLY,IMPLEMENTED,API_GAP,SP-001
GET,/v1/business/moments/{momentId}/pulse,DOCUMENTED_ONLY,IMPLEMENTED,API_GAP,SP-001
GET,/v1/business/moments/{momentId}/life,DOCUMENTED_ONLY,IMPLEMENTED,API_GAP,SP-001
GET,/v1/business/moments/{momentId}/memory,DOCUMENTED_ONLY,IMPLEMENTED,API_GAP,SP-001
GET,/v1/business/moments/{momentId}/finance,DOCUMENTED_ONLY,IMPLEMENTED,API_GAP,SP-001
GET,/v1/business/moments/{momentId}/actions,DOCUMENTED_ONLY,IMPLEMENTED,API_GAP,SP-001
