Route,Parity,BackendMounted,AuditResult,RegisterGapId
DELETE /v1/me,BOTH,Y,PASS,SP-013
DELETE /v1/me/devices/{},BOTH,Y,PASS,SP-013
DELETE /v1/moments/{},ANDROID_ONLY,Y,CLIENT_GAP,SP-013
DELETE /v1/moments/{}/expenses/{},BOTH,Y,PASS,SP-013
DELETE /v1/moments/{}/expenses/{}/attachments/{},ANDROID_ONLY,Y,CLIENT_GAP,SP-013
DELETE /v1/moments/{}/income/{},BOTH,Y,PASS,SP-013
DELETE /v1/moments/{}/lifestyle-activities/{},BOTH,Y,PASS,SP-013
GET /v1/analytics/insights,BOTH,Y,PASS,SP-013
GET /v1/analytics/metrics,BOTH,Y,PASS,SP-013
GET /v1/business/moments,BOTH,Y,PASS,SP-013
GET /v1/business/moments/{}/actions,BOTH,N,PASS,SP-013
GET /v1/business/moments/{}/activity,ANDROID_ONLY,Y,CLIENT_GAP,SP-013
GET /v1/business/moments/{}/approvals,BOTH,N,PASS,SP-013
GET /v1/business/moments/{}/capacity,BOTH,Y,PASS,SP-013
GET /v1/business/moments/{}/expenses,BOTH,N,PASS,SP-013
GET /v1/business/moments/{}/finance,BOTH,N,PASS,SP-013
GET /v1/business/moments/{}/improvements,BOTH,N,PASS,SP-013
GET /v1/business/moments/{}/invoices,BOTH,N,PASS,SP-013
GET /v1/business/moments/{}/issues,BOTH,N,PASS,SP-013
GET /v1/business/moments/{}/life,BOTH,N,PASS,SP-013
GET /v1/business/moments/{}/memories,BOTH,N,PASS,SP-013
GET /v1/business/moments/{}/memory,BOTH,N,PASS,SP-013
GET /v1/business/moments/{}/mom-deltas,BOTH,Y,PASS,SP-013
GET /v1/business/moments/{}/moments,ANDROID_ONLY,Y,CLIENT_GAP,SP-013
GET /v1/business/moments/{}/progress-snapshot,BOTH,Y,PASS,SP-013
GET /v1/business/moments/{}/pulse,BOTH,N,PASS,SP-013
GET /v1/business/moments/{}/revenues,BOTH,N,PASS,SP-013
GET /v1/business/moments/{}/roster,BOTH,Y,PASS,SP-013
GET /v1/business/moments/{}/updates,BOTH,N,PASS,SP-013
GET /v1/business/moments/{}/weekly-report,ANDROID_ONLY,Y,CLIENT_GAP,SP-013
GET /v1/business/moments/{}/workload,BOTH,Y,PASS,SP-013
GET /v1/business/setups,BOTH,Y,PASS,SP-013
GET /v1/companies,BOTH,Y,PASS,SP-013
GET /v1/companies/{},BOTH,Y,PASS,SP-013
GET /v1/companies/{}/locations,BOTH,Y,PASS,SP-013
GET /v1/companies/{}/members,BOTH,Y,PASS,SP-013
GET /v1/companies/{}/teams,BOTH,Y,PASS,SP-013
GET /v1/companies/{}/vendors,BOTH,Y,PASS,SP-013
GET /v1/company/invites/{},BOTH,Y,PASS,SP-013
GET /v1/finance/expense-categories,BOTH,Y,PASS,SP-013
GET /v1/financial-accounts,BOTH,Y,PASS,SP-013
GET /v1/group/invites/{},BOTH,Y,PASS,SP-013
GET /v1/group/moments,BOTH,Y,PASS,SP-013
GET /v1/group/moments/{}/activity,ANDROID_ONLY,Y,CLIENT_GAP,SP-013
GET /v1/group/moments/{}/attendance,BOTH,Y,PASS,SP-013
GET /v1/group/moments/{}/bookings,BOTH,Y,PASS,SP-013
GET /v1/group/moments/{}/delivery-handovers,BOTH,Y,PASS,SP-013
GET /v1/group/moments/{}/finance,BOTH,N,PASS,SP-013
GET /v1/group/moments/{}/life,BOTH,N,PASS,SP-013
GET /v1/group/moments/{}/living-rules,BOTH,Y,PASS,SP-013
GET /v1/group/moments/{}/maintenance-records,BOTH,Y,PASS,SP-013
GET /v1/group/moments/{}/memories,BOTH,Y,PASS,SP-013
GET /v1/group/moments/{}/memory,BOTH,N,PASS,SP-013
GET /v1/group/moments/{}/ownership-records,BOTH,Y,PASS,SP-013
GET /v1/group/moments/{}/participants,BOTH,Y,PASS,SP-013
GET /v1/group/moments/{}/planning-items,BOTH,Y,PASS,SP-013
GET /v1/group/moments/{}/polls,BOTH,Y,PASS,SP-013
GET /v1/group/moments/{}/pulse,BOTH,N,PASS,SP-013
GET /v1/group/moments/{}/purchase-items,BOTH,Y,PASS,SP-013
GET /v1/group/moments/{}/residents,BOTH,Y,PASS,SP-013
GET /v1/group/moments/{}/shared-assets,BOTH,Y,PASS,SP-013
GET /v1/group/moments/{}/updates,BOTH,Y,PASS,SP-013
GET /v1/group/moments/{}/vendors,BOTH,Y,PASS,SP-013
GET /v1/life360,BOTH,Y,PASS,SP-013
GET /v1/me,BOTH,Y,PASS,SP-013
GET /v1/me/consents,BOTH,Y,PASS,SP-013
GET /v1/me/devices,BOTH,Y,PASS,SP-013
GET /v1/moments/{},BOTH,Y,PASS,SP-013
GET /v1/moments/{}/activity,BOTH,Y,PASS,SP-013
GET /v1/moments/{}/expenses/{},BOTH,Y,PASS,SP-013
GET /v1/moments/{}/expenses/{}/attachments,BOTH,Y,PASS,SP-013
GET /v1/moments/{}/income/{},BOTH,Y,PASS,SP-013
GET /v1/moments/{}/memories/{}/media,BOTH,Y,PASS,SP-013
GET /v1/moments/{}/recurring-schedules,BOTH,Y,PASS,SP-013
GET /v1/personal/activity,BOTH,Y,PASS,SP-013
GET /v1/personal/attention,BOTH,Y,PASS,SP-013
GET /v1/personal/life,BOTH,Y,PASS,SP-013
GET /v1/personal/memory,BOTH,Y,PASS,SP-013
GET /v1/personal/moments,BOTH,Y,PASS,SP-013
GET /v1/personal/moments/{}/activity-summary,BOTH,Y,PASS,SP-013
GET /v1/personal/moments/{}/adjustment-insight,BOTH,Y,PASS,SP-013
GET /v1/personal/moments/{}/future-axis-snapshot,BOTH,Y,PASS,SP-013
GET /v1/personal/moments/{}/future-inventory,BOTH,Y,PASS,SP-013
GET /v1/personal/moments/{}/future-journey,BOTH,Y,PASS,SP-013
GET /v1/personal/moments/{}/future-runtime-summary,BOTH,Y,PASS,SP-013
GET /v1/personal/moments/{}/lifestyle-inventory,BOTH,Y,PASS,SP-013
GET /v1/personal/moments/{}/lifestyle-journey,BOTH,Y,PASS,SP-013
GET /v1/personal/moments/{}/lifestyle-runtime-summary,BOTH,Y,PASS,SP-013
GET /v1/personal/moments/{}/lifestyle-vitality-snapshot,BOTH,Y,PASS,SP-013
GET /v1/personal/moments/{}/money-journey,BOTH,Y,PASS,SP-013
GET /v1/personal/moments/{}/mood-history,BOTH,Y,PASS,SP-013
GET /v1/personal/moments/{}/relationships-bond-snapshot,BOTH,Y,PASS,SP-013
GET /v1/personal/moments/{}/relationships-connections,BOTH,Y,PASS,SP-013
GET /v1/personal/moments/{}/relationships-journey,BOTH,Y,PASS,SP-013
GET /v1/personal/moments/{}/relationships-runtime-summary,BOTH,Y,PASS,SP-013
GET /v1/personal/moments/{}/runtime-summary,BOTH,Y,PASS,SP-013
GET /v1/personal/pulse,BOTH,Y,PASS,SP-013
GET /v1/personal/setups,BOTH,Y,PASS,SP-013
GET /v1/polls/{},BOTH,Y,PASS,SP-013
PATCH /v1/companies/{},ANDROID_ONLY,Y,CLIENT_GAP,SP-013
PATCH /v1/companies/{}/locations/{},ANDROID_ONLY,Y,CLIENT_GAP,SP-013
PATCH /v1/companies/{}/vendors/{},ANDROID_ONLY,Y,CLIENT_GAP,SP-013
PATCH /v1/group/moments/{}/budget,ANDROID_ONLY,Y,CLIENT_GAP,SP-013
PATCH /v1/me,ANDROID_ONLY,Y,CLIENT_GAP,SP-013
PATCH /v1/moments/{},ANDROID_ONLY,Y,CLIENT_GAP,SP-013
PATCH /v1/moments/{}/expenses/{},ANDROID_ONLY,Y,CLIENT_GAP,SP-013
PATCH /v1/moments/{}/income/{},ANDROID_ONLY,Y,CLIENT_GAP,SP-013
PATCH /v1/moments/{}/lifestyle-activities/{},ANDROID_ONLY,Y,CLIENT_GAP,SP-013
PATCH /v1/moments/{}/recurring-schedules/{},ANDROID_ONLY,Y,CLIENT_GAP,SP-013
PATCH /v1/personal/moments/{}/future-profile,ANDROID_ONLY,Y,CLIENT_GAP,SP-013
PATCH /v1/personal/moments/{}/life-ops-profile,ANDROID_ONLY,Y,CLIENT_GAP,SP-013
PATCH /v1/personal/moments/{}/lifestyle-profile,ANDROID_ONLY,Y,CLIENT_GAP,SP-013
PATCH /v1/personal/moments/{}/relationships-profile,ANDROID_ONLY,Y,CLIENT_GAP,SP-013
POST /v1/ai/action-proposals/{}/execute,ANDROID_ONLY,Y,CLIENT_GAP,SP-013
POST /v1/analytics/refresh,ANDROID_ONLY,Y,CLIENT_GAP,SP-013
POST /v1/approvals/{}/decide,ANDROID_ONLY,Y,CLIENT_GAP,SP-013
POST /v1/business/moments/{}/memories,ANDROID_ONLY,Y,CLIENT_GAP,SP-013
POST /v1/business/moments/{}/share-link,ANDROID_ONLY,Y,CLIENT_GAP,SP-013
POST /v1/business/setups/{}/activate,ANDROID_ONLY,Y,CLIENT_GAP,SP-013
POST /v1/companies,ANDROID_ONLY,Y,CLIENT_GAP,SP-013
POST /v1/companies/{}/locations,ANDROID_ONLY,Y,CLIENT_GAP,SP-013
POST /v1/companies/{}/members,ANDROID_ONLY,Y,CLIENT_GAP,SP-013
POST /v1/companies/{}/sla-definitions/{}/checks,ANDROID_ONLY,Y,CLIENT_GAP,SP-013
POST /v1/companies/{}/teams,ANDROID_ONLY,Y,CLIENT_GAP,SP-013
POST /v1/companies/{}/vendors,ANDROID_ONLY,Y,CLIENT_GAP,SP-013
POST /v1/companies/{}/vendors/{}/contracts,ANDROID_ONLY,Y,CLIENT_GAP,SP-013
POST /v1/companies/{}/vendors/{}/sla-definitions,ANDROID_ONLY,Y,CLIENT_GAP,SP-013
POST /v1/company/invites,ANDROID_ONLY,Y,CLIENT_GAP,SP-013
POST /v1/company/invites/{}/redeem,ANDROID_ONLY,Y,CLIENT_GAP,SP-013
POST /v1/financial-accounts,ANDROID_ONLY,Y,CLIENT_GAP,SP-013
POST /v1/group/invites,ANDROID_ONLY,Y,CLIENT_GAP,SP-013
POST /v1/group/invites/{}/redeem,ANDROID_ONLY,Y,CLIENT_GAP,SP-013
POST /v1/me/consents/grant,ANDROID_ONLY,Y,CLIENT_GAP,SP-013
POST /v1/me/consents/withdraw,ANDROID_ONLY,Y,CLIENT_GAP,SP-013
POST /v1/me/devices,ANDROID_ONLY,Y,CLIENT_GAP,SP-013
POST /v1/media/uploads,ANDROID_ONLY,Y,CLIENT_GAP,SP-013
POST /v1/media/uploads/{}/complete,ANDROID_ONLY,Y,CLIENT_GAP,SP-013
POST /v1/moments,ANDROID_ONLY,Y,CLIENT_GAP,SP-013
POST /v1/moments/{}/activity-log-entries,ANDROID_ONLY,Y,CLIENT_GAP,SP-013
POST /v1/moments/{}/approval-requests,ANDROID_ONLY,Y,CLIENT_GAP,SP-013
POST /v1/moments/{}/archive,ANDROID_ONLY,Y,CLIENT_GAP,SP-013
POST /v1/moments/{}/attendance,ANDROID_ONLY,Y,CLIENT_GAP,SP-013
POST /v1/moments/{}/attention-captures,ANDROID_ONLY,Y,CLIENT_GAP,SP-013
POST /v1/moments/{}/bookings,BOTH,Y,PASS,SP-013
POST /v1/moments/{}/budget-alerts,ANDROID_ONLY,Y,CLIENT_GAP,SP-013
POST /v1/moments/{}/business-expenses,ANDROID_ONLY,Y,CLIENT_GAP,SP-013
POST /v1/moments/{}/business-reviews,ANDROID_ONLY,Y,CLIENT_GAP,SP-013
POST /v1/moments/{}/business-updates,ANDROID_ONLY,Y,CLIENT_GAP,SP-013
POST /v1/moments/{}/cancel,ANDROID_ONLY,Y,CLIENT_GAP,SP-013
POST /v1/moments/{}/contributions,ANDROID_ONLY,Y,CLIENT_GAP,SP-013
POST /v1/moments/{}/decisions,ANDROID_ONLY,Y,CLIENT_GAP,SP-013
POST /v1/moments/{}/delivery-handovers,ANDROID_ONLY,Y,CLIENT_GAP,SP-013
POST /v1/moments/{}/expenses,ANDROID_ONLY,Y,CLIENT_GAP,SP-013
POST /v1/moments/{}/expenses/{}/attachments,ANDROID_ONLY,Y,CLIENT_GAP,SP-013
POST /v1/moments/{}/forecast-scenarios,ANDROID_ONLY,Y,CLIENT_GAP,SP-013
POST /v1/moments/{}/future-items,ANDROID_ONLY,Y,CLIENT_GAP,SP-013
POST /v1/moments/{}/goals,ANDROID_ONLY,Y,CLIENT_GAP,SP-013
POST /v1/moments/{}/group-expenses,ANDROID_ONLY,Y,CLIENT_GAP,SP-013
POST /v1/moments/{}/improvements,ANDROID_ONLY,Y,CLIENT_GAP,SP-013
POST /v1/moments/{}/income,ANDROID_ONLY,Y,CLIENT_GAP,SP-013
POST /v1/moments/{}/investor-updates,ANDROID_ONLY,Y,CLIENT_GAP,SP-013
POST /v1/moments/{}/invoices,ANDROID_ONLY,Y,CLIENT_GAP,SP-013
POST /v1/moments/{}/issues,ANDROID_ONLY,Y,CLIENT_GAP,SP-013
POST /v1/moments/{}/issues/{}/evidence,ANDROID_ONLY,Y,CLIENT_GAP,SP-013
POST /v1/moments/{}/life-ops-adjustments,ANDROID_ONLY,Y,CLIENT_GAP,SP-013
POST /v1/moments/{}/lifestyle-activities,ANDROID_ONLY,Y,CLIENT_GAP,SP-013
POST /v1/moments/{}/living-rules,ANDROID_ONLY,Y,CLIENT_GAP,SP-013
POST /v1/moments/{}/maintenance-records,ANDROID_ONLY,Y,CLIENT_GAP,SP-013
POST /v1/moments/{}/meeting-records,ANDROID_ONLY,Y,CLIENT_GAP,SP-013
POST /v1/moments/{}/memories,BOTH,Y,PASS,SP-013
POST /v1/moments/{}/memories/{}/media,ANDROID_ONLY,Y,CLIENT_GAP,SP-013
POST /v1/moments/{}/milestones,ANDROID_ONLY,Y,CLIENT_GAP,SP-013
POST /v1/moments/{}/movements,ANDROID_ONLY,Y,CLIENT_GAP,SP-013
POST /v1/moments/{}/observations,ANDROID_ONLY,Y,CLIENT_GAP,SP-013
POST /v1/moments/{}/ownership-records,ANDROID_ONLY,Y,CLIENT_GAP,SP-013
POST /v1/moments/{}/participants,ANDROID_ONLY,Y,CLIENT_GAP,SP-013
POST /v1/moments/{}/planning-items,BOTH,Y,PASS,SP-013
POST /v1/moments/{}/polls,BOTH,Y,PASS,SP-013
POST /v1/moments/{}/purchase-items,BOTH,Y,PASS,SP-013
POST /v1/moments/{}/recognitions,ANDROID_ONLY,Y,CLIENT_GAP,SP-013
POST /v1/moments/{}/recurring-schedules,ANDROID_ONLY,Y,CLIENT_GAP,SP-013
POST /v1/moments/{}/recurring-schedules/{}/generate,ANDROID_ONLY,Y,CLIENT_GAP,SP-013
POST /v1/moments/{}/relationship-activities,ANDROID_ONLY,Y,CLIENT_GAP,SP-013
POST /v1/moments/{}/residents,BOTH,Y,PASS,SP-013
POST /v1/moments/{}/retrospectives,ANDROID_ONLY,Y,CLIENT_GAP,SP-013
POST /v1/moments/{}/revenues,ANDROID_ONLY,Y,CLIENT_GAP,SP-013
POST /v1/moments/{}/risks,ANDROID_ONLY,Y,CLIENT_GAP,SP-013
POST /v1/moments/{}/settlements,ANDROID_ONLY,Y,CLIENT_GAP,SP-013
POST /v1/moments/{}/shared-assets,ANDROID_ONLY,Y,CLIENT_GAP,SP-013
POST /v1/moments/{}/tasks,ANDROID_ONLY,Y,CLIENT_GAP,SP-013
POST /v1/moments/{}/tax-obligations,ANDROID_ONLY,Y,CLIENT_GAP,SP-013
POST /v1/moments/{}/updates,BOTH,Y,PASS,SP-013
POST /v1/moments/{}/vendors,ANDROID_ONLY,Y,CLIENT_GAP,SP-013
POST /v1/personal/setups/{}/activate,ANDROID_ONLY,Y,CLIENT_GAP,SP-013
POST /v1/polls/{}/close,BOTH,Y,PASS,SP-013
POST /v1/polls/{}/votes,BOTH,Y,PASS,SP-013
POST /v1/telemetry/events,ANDROID_ONLY,N,CLIENT_GAP,SP-013
