Method,Path,NormalizedRoute,InRouter,AndroidApi,iOSApi,AndroidRepoCalls,iOSRepoCalls,ClientStatus,ParentGap
GET,/v1/me,GET /v1/me,True,True,True,apk/app/src/main/java/com/example/momentra/data/repository/MeRepository.kt,,PARTIAL_REPO,SP-013
PATCH,/v1/me,PATCH /v1/me,True,True,True,apk/app/src/main/java/com/example/momentra/data/repository/AccountRepository.kt,,PARTIAL_REPO,SP-013
GET,/v1/me/devices,GET /v1/me/devices,True,True,True,apk/app/src/main/java/com/example/momentra/data/repository/AccountRepository.kt,,PARTIAL_REPO,SP-013
GET,/v1/me/consents,GET /v1/me/consents,True,True,True,apk/app/src/main/java/com/example/momentra/data/repository/AccountRepository.kt,,PARTIAL_REPO,SP-013
POST,/v1/me/consents/grant,POST /v1/me/consents/grant,True,True,True,apk/app/src/main/java/com/example/momentra/data/repository/AccountRepository.kt,,PARTIAL_REPO,SP-013
POST,/v1/me/consents/withdraw,POST /v1/me/consents/withdraw,True,True,True,apk/app/src/main/java/com/example/momentra/data/repository/AccountRepository.kt,,PARTIAL_REPO,SP-013
POST,/v1/me/devices,POST /v1/me/devices,True,True,True,,,UNWIRED_REPO,SP-013
GET,/v1/personal/moments,GET /v1/personal/moments,True,True,True,apk/app/src/main/java/com/example/momentra/data/repository/MeRepository.kt,,PARTIAL_REPO,SP-013
GET,/v1/group/moments,GET /v1/group/moments,True,True,True,apk/app/src/main/java/com/example/momentra/data/repository/MeRepository.kt,,PARTIAL_REPO,SP-013
GET,/v1/business/moments,GET /v1/business/moments,True,True,True,apk/app/src/main/java/com/example/momentra/data/repository/MeRepository.kt,,PARTIAL_REPO,SP-013
GET,/v1/companies,GET /v1/companies,True,True,True,apk/app/src/main/java/com/example/momentra/data/repository/MeRepository.kt,,PARTIAL_REPO,SP-013
POST,/v1/companies,POST /v1/companies,True,True,True,,,UNWIRED_REPO,SP-013
GET,/v1/companies/{companyId}/locations,GET /v1/companies/{}/locations,True,True,True,,,UNWIRED_REPO,SP-013
POST,/v1/companies/{companyId}/locations,POST /v1/companies/{}/locations,True,True,True,,,UNWIRED_REPO,SP-013
GET,/v1/companies/{companyId},GET /v1/companies/{},True,True,True,,,UNWIRED_REPO,SP-013
PATCH,/v1/companies/{companyId},PATCH /v1/companies/{},True,True,True,,,UNWIRED_REPO,SP-013
PATCH,/v1/companies/{companyId}/locations/{locationId},PATCH /v1/companies/{}/locations/{},True,True,True,,,UNWIRED_REPO,SP-013
GET,/v1/companies/{companyId}/teams,GET /v1/companies/{}/teams,True,True,True,,,UNWIRED_REPO,SP-013
POST,/v1/companies/{companyId}/teams,POST /v1/companies/{}/teams,True,True,True,,,UNWIRED_REPO,SP-013
GET,/v1/companies/{companyId}/members,GET /v1/companies/{}/members,True,True,True,,,UNWIRED_REPO,SP-013
POST,/v1/companies/{companyId}/members,POST /v1/companies/{}/members,True,True,True,,,UNWIRED_REPO,SP-013
POST,/v1/companies/{companyId}/vendors,POST /v1/companies/{}/vendors,True,True,True,apk/app/src/main/java/com/example/momentra/data/repository/BusinessSliceRepository.kt,,PARTIAL_REPO,SP-013
PATCH,/v1/companies/{companyId}/vendors/{vendorId},PATCH /v1/companies/{}/vendors/{},True,True,True,apk/app/src/main/java/com/example/momentra/data/repository/BusinessSliceRepository.kt,,PARTIAL_REPO,SP-013
POST,/v1/companies/{companyId}/vendors/{vendorId}/contracts,POST /v1/companies/{}/vendors/{}/contracts,True,True,True,apk/app/src/main/java/com/example/momentra/data/repository/BusinessSliceRepository.kt,,PARTIAL_REPO,SP-013
POST,/v1/companies/{companyId}/vendors/{vendorId}/sla-definitions,POST /v1/companies/{}/vendors/{}/sla-definitions,True,True,True,apk/app/src/main/java/com/example/momentra/data/repository/BusinessSliceRepository.kt,,PARTIAL_REPO,SP-013
POST,/v1/companies/{companyId}/sla-definitions/{slaDefinitionId}/checks,POST /v1/companies/{}/sla-definitions/{}/checks,True,True,True,apk/app/src/main/java/com/example/momentra/data/repository/BusinessSliceRepository.kt,,PARTIAL_REPO,SP-013
POST,/v1/moments/{momentId}/issues,POST /v1/moments/{}/issues,True,True,True,apk/app/src/main/java/com/example/momentra/data/repository/BusinessSliceRepository.kt,,PARTIAL_REPO,SP-013
POST,/v1/moments/{momentId}/risks,POST /v1/moments/{}/risks,True,True,True,apk/app/src/main/java/com/example/momentra/data/repository/BusinessSliceRepository.kt,,PARTIAL_REPO,SP-013
POST,/v1/moments/{momentId}/improvements,POST /v1/moments/{}/improvements,True,True,True,apk/app/src/main/java/com/example/momentra/data/repository/BusinessSliceRepository.kt,,PARTIAL_REPO,SP-013
POST,/v1/moments/{momentId}/business-updates,POST /v1/moments/{}/business-updates,True,True,True,apk/app/src/main/java/com/example/momentra/data/repository/BusinessSliceRepository.kt,,PARTIAL_REPO,SP-013
POST,/v1/moments/{momentId}/approval-requests,POST /v1/moments/{}/approval-requests,True,True,True,apk/app/src/main/java/com/example/momentra/data/repository/BusinessSliceRepository.kt,,PARTIAL_REPO,SP-013
POST,/v1/moments/{momentId}/tax-obligations,POST /v1/moments/{}/tax-obligations,True,True,True,apk/app/src/main/java/com/example/momentra/data/repository/BusinessSliceRepository.kt,,PARTIAL_REPO,SP-013
POST,/v1/moments/{momentId}/forecast-scenarios,POST /v1/moments/{}/forecast-scenarios,True,True,True,apk/app/src/main/java/com/example/momentra/data/repository/BusinessSliceRepository.kt,,PARTIAL_REPO,SP-013
POST,/v1/moments/{momentId}/investor-updates,POST /v1/moments/{}/investor-updates,True,True,True,apk/app/src/main/java/com/example/momentra/data/repository/BusinessSliceRepository.kt,,PARTIAL_REPO,SP-013
POST,/v1/moments/{momentId}/budget-alerts,POST /v1/moments/{}/budget-alerts,True,True,True,apk/app/src/main/java/com/example/momentra/data/repository/BusinessSliceRepository.kt,,PARTIAL_REPO,SP-013
POST,/v1/moments/{momentId}/business-reviews,POST /v1/moments/{}/business-reviews,True,True,True,apk/app/src/main/java/com/example/momentra/data/repository/BusinessSliceRepository.kt,,PARTIAL_REPO,SP-013
POST,/v1/moments/{momentId}/decisions,POST /v1/moments/{}/decisions,True,True,True,apk/app/src/main/java/com/example/momentra/data/repository/BusinessSliceRepository.kt,,PARTIAL_REPO,SP-013
POST,/v1/moments/{momentId}/meeting-records,POST /v1/moments/{}/meeting-records,True,True,True,apk/app/src/main/java/com/example/momentra/data/repository/BusinessSliceRepository.kt,,PARTIAL_REPO,SP-013
POST,/v1/moments/{momentId}/recognitions,POST /v1/moments/{}/recognitions,True,True,True,apk/app/src/main/java/com/example/momentra/data/repository/BusinessSliceRepository.kt,,PARTIAL_REPO,SP-013
POST,/v1/moments/{momentId}/retrospectives,POST /v1/moments/{}/retrospectives,True,True,True,apk/app/src/main/java/com/example/momentra/data/repository/BusinessSliceRepository.kt,,PARTIAL_REPO,SP-013
POST,/v1/moments/{momentId}/activity-log-entries,POST /v1/moments/{}/activity-log-entries,True,True,True,apk/app/src/main/java/com/example/momentra/data/repository/BusinessSliceRepository.kt,,PARTIAL_REPO,SP-013
GET,/v1/business/moments/{momentId}/capacity,GET /v1/business/moments/{}/capacity,True,True,True,apk/app/src/main/java/com/example/momentra/data/repository/BusinessSliceRepository.kt,,PARTIAL_REPO,SP-013
GET,/v1/business/moments/{momentId}/workload,GET /v1/business/moments/{}/workload,True,True,True,apk/app/src/main/java/com/example/momentra/data/repository/BusinessSliceRepository.kt,,PARTIAL_REPO,SP-013
GET,/v1/business/moments/{momentId}/mom-deltas,GET /v1/business/moments/{}/mom-deltas,True,True,True,apk/app/src/main/java/com/example/momentra/data/repository/BusinessSliceRepository.kt,,PARTIAL_REPO,SP-013
GET,/v1/business/moments/{momentId}/progress-snapshot,GET /v1/business/moments/{}/progress-snapshot,True,True,True,apk/app/src/main/java/com/example/momentra/data/repository/BusinessSliceRepository.kt,,PARTIAL_REPO,SP-013
GET,/v1/business/moments/{momentId}/roster,GET /v1/business/moments/{}/roster,True,True,True,apk/app/src/main/java/com/example/momentra/data/repository/BusinessSliceRepository.kt,,PARTIAL_REPO,SP-013
GET,/v1/business/moments/{momentId}/weekly-report,GET /v1/business/moments/{}/weekly-report,True,True,True,apk/app/src/main/java/com/example/momentra/data/repository/BusinessSliceRepository.kt,,PARTIAL_REPO,SP-013
POST,/v1/moments/{momentId}/issues/{issueId}/evidence,POST /v1/moments/{}/issues/{}/evidence,True,True,True,apk/app/src/main/java/com/example/momentra/data/repository/BusinessSliceRepository.kt,,PARTIAL_REPO,SP-013
POST,/v1/business/moments/{momentId}/share-link,POST /v1/business/moments/{}/share-link,True,True,True,apk/app/src/main/java/com/example/momentra/data/repository/BusinessSliceRepository.kt,,PARTIAL_REPO,SP-013
GET,/v1/business/setups,GET /v1/business/setups,True,True,True,,,UNWIRED_REPO,SP-013
POST,/v1/business/setups/{familyCode}/activate,POST /v1/business/setups/{}/activate,True,True,True,,,UNWIRED_REPO,SP-013
GET,/v1/business/moments/{momentId}/activity,GET /v1/business/moments/{}/activity,True,True,True,apk/app/src/main/java/com/example/momentra/data/repository/BusinessSliceRepository.kt,,PARTIAL_REPO,SP-013
GET,/v1/business/moments/{momentId}/moments,GET /v1/business/moments/{}/moments,True,True,True,apk/app/src/main/java/com/example/momentra/data/repository/BusinessSliceRepository.kt,,PARTIAL_REPO,SP-013
GET,/v1/companies/{companyId}/vendors,GET /v1/companies/{}/vendors,True,True,True,apk/app/src/main/java/com/example/momentra/data/repository/BusinessSliceRepository.kt,,PARTIAL_REPO,SP-013
POST,/v1/business/moments/{momentId}/memories,POST /v1/business/moments/{}/memories,True,True,True,apk/app/src/main/java/com/example/momentra/data/repository/BusinessSliceRepository.kt,,PARTIAL_REPO,SP-013
POST,/v1/moments/{momentId}/business-expenses,POST /v1/moments/{}/business-expenses,True,True,True,apk/app/src/main/java/com/example/momentra/data/repository/BusinessSliceRepository.kt,,PARTIAL_REPO,SP-013
POST,/v1/moments/{momentId}/revenues,POST /v1/moments/{}/revenues,True,True,True,apk/app/src/main/java/com/example/momentra/data/repository/BusinessSliceRepository.kt,,PARTIAL_REPO,SP-013
POST,/v1/moments/{momentId}/invoices,POST /v1/moments/{}/invoices,True,True,True,apk/app/src/main/java/com/example/momentra/data/repository/BusinessSliceRepository.kt,,PARTIAL_REPO,SP-013
POST,/v1/approvals/{approvalRequestId}/decide,POST /v1/approvals/{}/decide,True,True,True,apk/app/src/main/java/com/example/momentra/data/repository/BusinessSliceRepository.kt,,PARTIAL_REPO,SP-013
POST,/v1/moments,POST /v1/moments,True,True,True,apk/app/src/main/java/com/example/momentra/data/repository/MomentCreateRepository.kt,,PARTIAL_REPO,SP-013
POST,/v1/moments/{momentId}/archive,POST /v1/moments/{}/archive,True,True,True,apk/app/src/main/java/com/example/momentra/data/repository/MomentLifecycleRepository.kt,,PARTIAL_REPO,SP-013
POST,/v1/moments/{momentId}/cancel,POST /v1/moments/{}/cancel,True,True,True,apk/app/src/main/java/com/example/momentra/data/repository/MomentLifecycleRepository.kt,,PARTIAL_REPO,SP-013
POST,/v1/moments/{momentId}/goals,POST /v1/moments/{}/goals,True,True,True,,,UNWIRED_REPO,SP-013
POST,/v1/moments/{momentId}/milestones,POST /v1/moments/{}/milestones,True,True,True,apk/app/src/main/java/com/example/momentra/data/repository/BusinessSliceRepository.kt,,PARTIAL_REPO,SP-013
POST,/v1/moments/{momentId}/tasks,POST /v1/moments/{}/tasks,True,True,True,,,UNWIRED_REPO,SP-013
GET,/v1/moments/{momentId}/activity,GET /v1/moments/{}/activity,True,True,True,,,UNWIRED_REPO,SP-013
POST,/v1/moments/{momentId}/expenses,POST /v1/moments/{}/expenses,True,True,True,apk/app/src/main/java/com/example/momentra/data/repository/ExpenseCreateRepository.kt;apk/app/src/main/java/com/example/momentra/data/repository/PersonalSliceRepository.kt,,PARTIAL_REPO,SP-013
POST,/v1/moments/{momentId}/observations,POST /v1/moments/{}/observations,True,True,True,apk/app/src/main/java/com/example/momentra/data/repository/PersonalSliceRepository.kt,,PARTIAL_REPO,SP-013
POST,/v1/moments/{momentId}/future-items,POST /v1/moments/{}/future-items,True,True,True,apk/app/src/main/java/com/example/momentra/data/repository/PersonalSliceRepository.kt,,PARTIAL_REPO,SP-013
POST,/v1/moments/{momentId}/lifestyle-activities,POST /v1/moments/{}/lifestyle-activities,True,True,True,apk/app/src/main/java/com/example/momentra/data/repository/PersonalSliceRepository.kt,,PARTIAL_REPO,SP-013
PATCH,/v1/moments/{momentId}/lifestyle-activities/{activityId},PATCH /v1/moments/{}/lifestyle-activities/{},True,True,True,apk/app/src/main/java/com/example/momentra/data/repository/PersonalSliceRepository.kt,,PARTIAL_REPO,SP-013
GET,/v1/moments/{momentId}/expenses/{expenseId},GET /v1/moments/{}/expenses/{},True,True,True,apk/app/src/main/java/com/example/momentra/data/repository/PersonalSliceRepository.kt,,PARTIAL_REPO,SP-013
PATCH,/v1/moments/{momentId}/expenses/{expenseId},PATCH /v1/moments/{}/expenses/{},True,True,True,apk/app/src/main/java/com/example/momentra/data/repository/PersonalSliceRepository.kt,,PARTIAL_REPO,SP-013
DELETE,/v1/moments/{momentId}/expenses/{expenseId},DELETE /v1/moments/{}/expenses/{},True,True,True,apk/app/src/main/java/com/example/momentra/data/repository/PersonalSliceRepository.kt,,PARTIAL_REPO,SP-013
GET,/v1/moments/{momentId}/expenses/{expenseId}/attachments,GET /v1/moments/{}/expenses/{}/attachments,True,True,True,,,UNWIRED_REPO,SP-013
POST,/v1/moments/{momentId}/expenses/{expenseId}/attachments,POST /v1/moments/{}/expenses/{}/attachments,True,True,True,apk/app/src/main/java/com/example/momentra/data/repository/PersonalSliceRepository.kt,,PARTIAL_REPO,SP-013
DELETE,/v1/moments/{momentId}/expenses/{expenseId}/attachments/{uploadId},DELETE /v1/moments/{}/expenses/{}/attachments/{},True,True,True,,,UNWIRED_REPO,SP-013
GET,/v1/financial-accounts,GET /v1/financial-accounts,True,True,True,apk/app/src/main/java/com/example/momentra/data/repository/PersonalSliceRepository.kt,,PARTIAL_REPO,SP-013
POST,/v1/financial-accounts,POST /v1/financial-accounts,True,True,True,apk/app/src/main/java/com/example/momentra/data/repository/PersonalSliceRepository.kt,,PARTIAL_REPO,SP-013
POST,/v1/media/uploads,POST /v1/media/uploads,True,True,True,apk/app/src/main/java/com/example/momentra/data/repository/PersonalSliceRepository.kt;apk/app/src/main/java/com/example/momentra/data/repository/GroupSliceRepository.kt,,PARTIAL_REPO,SP-013
POST,/v1/media/uploads/{uploadId}/complete,POST /v1/media/uploads/{}/complete,True,True,True,apk/app/src/main/java/com/example/momentra/data/repository/PersonalSliceRepository.kt;apk/app/src/main/java/com/example/momentra/data/repository/GroupSliceRepository.kt,,PARTIAL_REPO,SP-013
POST,/v1/moments/{momentId}/income,POST /v1/moments/{}/income,True,True,True,apk/app/src/main/java/com/example/momentra/data/repository/PersonalSliceRepository.kt,,PARTIAL_REPO,SP-013
GET,/v1/moments/{momentId}/income/{incomeId},GET /v1/moments/{}/income/{},True,True,True,,,UNWIRED_REPO,SP-013
PATCH,/v1/moments/{momentId}/income/{incomeId},PATCH /v1/moments/{}/income/{},True,True,True,,,UNWIRED_REPO,SP-013
DELETE,/v1/moments/{momentId}/income/{incomeId},DELETE /v1/moments/{}/income/{},True,True,True,apk/app/src/main/java/com/example/momentra/data/repository/PersonalSliceRepository.kt,,PARTIAL_REPO,SP-013
POST,/v1/moments/{momentId}/movements,POST /v1/moments/{}/movements,True,True,True,apk/app/src/main/java/com/example/momentra/data/repository/PersonalSliceRepository.kt,,PARTIAL_REPO,SP-013
GET,/v1/moments/{momentId}/recurring-schedules,GET /v1/moments/{}/recurring-schedules,True,True,True,apk/app/src/main/java/com/example/momentra/data/repository/PersonalSliceRepository.kt,,PARTIAL_REPO,SP-013
POST,/v1/moments/{momentId}/recurring-schedules,POST /v1/moments/{}/recurring-schedules,True,True,True,apk/app/src/main/java/com/example/momentra/data/repository/PersonalSliceRepository.kt,,PARTIAL_REPO,SP-013
PATCH,/v1/moments/{momentId}/recurring-schedules/{scheduleId},PATCH /v1/moments/{}/recurring-schedules/{},True,True,True,apk/app/src/main/java/com/example/momentra/data/repository/PersonalSliceRepository.kt,,PARTIAL_REPO,SP-013
POST,/v1/moments/{momentId}/recurring-schedules/{scheduleId}/generate,POST /v1/moments/{}/recurring-schedules/{}/generate,True,True,True,apk/app/src/main/java/com/example/momentra/data/repository/PersonalSliceRepository.kt,,PARTIAL_REPO,SP-013
GET,/v1/personal/setups,GET /v1/personal/setups,True,True,True,,,UNWIRED_REPO,SP-013
POST,/v1/personal/setups/{systemCode}/activate,POST /v1/personal/setups/{}/activate,True,True,True,,,UNWIRED_REPO,SP-013
GET,/v1/personal/attention,GET /v1/personal/attention,True,True,True,,,UNWIRED_REPO,SP-013
GET,/v1/personal/pulse,GET /v1/personal/pulse,True,True,True,apk/app/src/main/java/com/example/momentra/data/repository/PersonalSliceRepository.kt,,PARTIAL_REPO,SP-013
GET,/v1/personal/activity,GET /v1/personal/activity,True,True,True,apk/app/src/main/java/com/example/momentra/data/repository/PersonalSliceRepository.kt;apk/app/src/main/java/com/example/momentra/data/repository/PersonalActivityRepository.kt,,PARTIAL_REPO,SP-013
GET,/v1/personal/life,GET /v1/personal/life,True,True,True,apk/app/src/main/java/com/example/momentra/data/repository/PersonalSliceRepository.kt,,PARTIAL_REPO,SP-013
GET,/v1/personal/memory,GET /v1/personal/memory,True,True,True,apk/app/src/main/java/com/example/momentra/data/repository/PersonalSliceRepository.kt,,PARTIAL_REPO,SP-013
GET,/v1/personal/moments/{momentId}/runtime-summary,GET /v1/personal/moments/{}/runtime-summary,True,True,True,apk/app/src/main/java/com/example/momentra/data/repository/PersonalSliceRepository.kt,,PARTIAL_REPO,SP-013
GET,/v1/personal/moments/{momentId}/mood-history,GET /v1/personal/moments/{}/mood-history,True,True,True,,,UNWIRED_REPO,SP-013
GET,/v1/personal/moments/{momentId}/adjustment-insight,GET /v1/personal/moments/{}/adjustment-insight,True,True,True,,,UNWIRED_REPO,SP-013
GET,/v1/personal/moments/{momentId}/activity-summary,GET /v1/personal/moments/{}/activity-summary,True,True,True,,,UNWIRED_REPO,SP-013
GET,/v1/personal/moments/{momentId}/money-journey,GET /v1/personal/moments/{}/money-journey,True,True,True,,,UNWIRED_REPO,SP-013
GET,/v1/finance/expense-categories,GET /v1/finance/expense-categories,True,True,True,,,UNWIRED_REPO,SP-013
GET,/v1/personal/moments/{momentId}/future-runtime-summary,GET /v1/personal/moments/{}/future-runtime-summary,True,True,True,,,UNWIRED_REPO,SP-013
GET,/v1/personal/moments/{momentId}/future-axis-snapshot,GET /v1/personal/moments/{}/future-axis-snapshot,True,True,True,apk/app/src/main/java/com/example/momentra/data/repository/PersonalSliceRepository.kt,,PARTIAL_REPO,SP-013
GET,/v1/personal/moments/{momentId}/future-inventory,GET /v1/personal/moments/{}/future-inventory,True,True,True,,,UNWIRED_REPO,SP-013
GET,/v1/personal/moments/{momentId}/future-journey,GET /v1/personal/moments/{}/future-journey,True,True,True,,,UNWIRED_REPO,SP-013
PATCH,/v1/personal/moments/{momentId}/future-profile,PATCH /v1/personal/moments/{}/future-profile,True,True,True,,,UNWIRED_REPO,SP-013
GET,/v1/personal/moments/{momentId}/lifestyle-runtime-summary,GET /v1/personal/moments/{}/lifestyle-runtime-summary,True,True,True,,,UNWIRED_REPO,SP-013
GET,/v1/personal/moments/{momentId}/lifestyle-vitality-snapshot,GET /v1/personal/moments/{}/lifestyle-vitality-snapshot,True,True,True,apk/app/src/main/java/com/example/momentra/data/repository/PersonalSliceRepository.kt,,PARTIAL_REPO,SP-013
GET,/v1/personal/moments/{momentId}/lifestyle-inventory,GET /v1/personal/moments/{}/lifestyle-inventory,True,True,True,,,UNWIRED_REPO,SP-013
GET,/v1/personal/moments/{momentId}/lifestyle-journey,GET /v1/personal/moments/{}/lifestyle-journey,True,True,True,,,UNWIRED_REPO,SP-013
PATCH,/v1/personal/moments/{momentId}/lifestyle-profile,PATCH /v1/personal/moments/{}/lifestyle-profile,True,True,True,,,UNWIRED_REPO,SP-013
GET,/v1/personal/moments/{momentId}/relationships-runtime-summary,GET /v1/personal/moments/{}/relationships-runtime-summary,True,True,True,,,UNWIRED_REPO,SP-013
GET,/v1/personal/moments/{momentId}/relationships-bond-snapshot,GET /v1/personal/moments/{}/relationships-bond-snapshot,True,True,True,apk/app/src/main/java/com/example/momentra/data/repository/PersonalSliceRepository.kt,,PARTIAL_REPO,SP-013
GET,/v1/personal/moments/{momentId}/relationships-connections,GET /v1/personal/moments/{}/relationships-connections,True,True,True,,,UNWIRED_REPO,SP-013
GET,/v1/personal/moments/{momentId}/relationships-journey,GET /v1/personal/moments/{}/relationships-journey,True,True,True,,,UNWIRED_REPO,SP-013
PATCH,/v1/personal/moments/{momentId}/relationships-profile,PATCH /v1/personal/moments/{}/relationships-profile,True,True,True,,,UNWIRED_REPO,SP-013
PATCH,/v1/personal/moments/{momentId}/life-ops-profile,PATCH /v1/personal/moments/{}/life-ops-profile,True,True,True,,,UNWIRED_REPO,SP-013
POST,/v1/moments/{momentId}/attention-captures,POST /v1/moments/{}/attention-captures,True,True,True,apk/app/src/main/java/com/example/momentra/data/repository/PersonalSliceRepository.kt,,PARTIAL_REPO,SP-013
POST,/v1/moments/{momentId}/life-ops-adjustments,POST /v1/moments/{}/life-ops-adjustments,True,True,True,apk/app/src/main/java/com/example/momentra/data/repository/PersonalSliceRepository.kt,,PARTIAL_REPO,SP-013
POST,/v1/moments/{momentId}/relationship-activities,POST /v1/moments/{}/relationship-activities,True,True,True,apk/app/src/main/java/com/example/momentra/data/repository/PersonalSliceRepository.kt,,PARTIAL_REPO,SP-013
GET,/v1/group/moments/{momentId}/participants,GET /v1/group/moments/{}/participants,True,True,True,apk/app/src/main/java/com/example/momentra/data/repository/GroupSliceRepository.kt,,PARTIAL_REPO,SP-013
POST,/v1/moments/{momentId}/participants,POST /v1/moments/{}/participants,True,True,True,apk/app/src/main/java/com/example/momentra/data/repository/GroupSliceRepository.kt,,PARTIAL_REPO,SP-013
GET,/v1/group/moments/{momentId}/activity,GET /v1/group/moments/{}/activity,True,True,True,apk/app/src/main/java/com/example/momentra/data/repository/GroupSliceRepository.kt,,PARTIAL_REPO,SP-013
PATCH,/v1/group/moments/{momentId}/budget,PATCH /v1/group/moments/{}/budget,True,True,True,apk/app/src/main/java/com/example/momentra/data/repository/GroupSliceRepository.kt,,PARTIAL_REPO,SP-013
POST,/v1/moments/{momentId}/group-expenses,POST /v1/moments/{}/group-expenses,True,True,True,apk/app/src/main/java/com/example/momentra/data/repository/GroupSliceRepository.kt,,PARTIAL_REPO,SP-013
POST,/v1/moments/{momentId}/contributions,POST /v1/moments/{}/contributions,True,True,True,apk/app/src/main/java/com/example/momentra/data/repository/GroupSliceRepository.kt,,PARTIAL_REPO,SP-013
GET,/v1/group/moments/{momentId}/planning-items,GET /v1/group/moments/{}/planning-items,True,True,True,apk/app/src/main/java/com/example/momentra/data/repository/GroupSliceRepository.kt,,PARTIAL_REPO,SP-013
POST,/v1/moments/{momentId}/planning-items,POST /v1/moments/{}/planning-items,True,True,True,apk/app/src/main/java/com/example/momentra/data/repository/GroupSliceRepository.kt,,PARTIAL_REPO,SP-013
GET,/v1/group/moments/{momentId}/bookings,GET /v1/group/moments/{}/bookings,True,True,True,apk/app/src/main/java/com/example/momentra/data/repository/GroupSliceRepository.kt,,PARTIAL_REPO,SP-013
POST,/v1/moments/{momentId}/bookings,POST /v1/moments/{}/bookings,True,True,True,apk/app/src/main/java/com/example/momentra/data/repository/GroupSliceRepository.kt,,PARTIAL_REPO,SP-013
GET,/v1/group/moments/{momentId}/polls,GET /v1/group/moments/{}/polls,True,True,True,apk/app/src/main/java/com/example/momentra/data/repository/GroupSliceRepository.kt,,PARTIAL_REPO,SP-013
POST,/v1/moments/{momentId}/polls,POST /v1/moments/{}/polls,True,True,True,apk/app/src/main/java/com/example/momentra/data/repository/GroupSliceRepository.kt,,PARTIAL_REPO,SP-013
GET,/v1/polls/{pollId},GET /v1/polls/{},True,True,True,apk/app/src/main/java/com/example/momentra/data/repository/GroupSliceRepository.kt,,PARTIAL_REPO,SP-013
POST,/v1/polls/{pollId}/votes,POST /v1/polls/{}/votes,True,True,True,apk/app/src/main/java/com/example/momentra/data/repository/GroupSliceRepository.kt,,PARTIAL_REPO,SP-013
POST,/v1/polls/{pollId}/close,POST /v1/polls/{}/close,True,True,True,apk/app/src/main/java/com/example/momentra/data/repository/GroupSliceRepository.kt,,PARTIAL_REPO,SP-013
GET,/v1/group/moments/{momentId}/updates,GET /v1/group/moments/{}/updates,True,True,True,apk/app/src/main/java/com/example/momentra/data/repository/GroupSliceRepository.kt,,PARTIAL_REPO,SP-013
POST,/v1/moments/{momentId}/updates,POST /v1/moments/{}/updates,True,True,True,apk/app/src/main/java/com/example/momentra/data/repository/GroupSliceRepository.kt,,PARTIAL_REPO,SP-013
GET,/v1/group/moments/{momentId}/purchase-items,GET /v1/group/moments/{}/purchase-items,True,True,True,apk/app/src/main/java/com/example/momentra/data/repository/GroupSliceRepository.kt,,PARTIAL_REPO,SP-013
POST,/v1/moments/{momentId}/purchase-items,POST /v1/moments/{}/purchase-items,True,True,True,apk/app/src/main/java/com/example/momentra/data/repository/GroupSliceRepository.kt,,PARTIAL_REPO,SP-013
GET,/v1/group/moments/{momentId}/delivery-handovers,GET /v1/group/moments/{}/delivery-handovers,True,True,True,,,UNWIRED_REPO,SP-013
POST,/v1/moments/{momentId}/delivery-handovers,POST /v1/moments/{}/delivery-handovers,True,True,True,apk/app/src/main/java/com/example/momentra/data/repository/GroupSliceRepository.kt,,PARTIAL_REPO,SP-013
GET,/v1/group/moments/{momentId}/ownership-records,GET /v1/group/moments/{}/ownership-records,True,True,True,,,UNWIRED_REPO,SP-013
POST,/v1/moments/{momentId}/ownership-records,POST /v1/moments/{}/ownership-records,True,True,True,apk/app/src/main/java/com/example/momentra/data/repository/GroupSliceRepository.kt,,PARTIAL_REPO,SP-013
GET,/v1/group/moments/{momentId}/residents,GET /v1/group/moments/{}/residents,True,True,True,apk/app/src/main/java/com/example/momentra/data/repository/GroupSliceRepository.kt,,PARTIAL_REPO,SP-013
POST,/v1/moments/{momentId}/residents,POST /v1/moments/{}/residents,True,True,True,apk/app/src/main/java/com/example/momentra/data/repository/GroupSliceRepository.kt,,PARTIAL_REPO,SP-013
GET,/v1/group/moments/{momentId}/memories,GET /v1/group/moments/{}/memories,True,True,True,apk/app/src/main/java/com/example/momentra/data/repository/GroupSliceRepository.kt,,PARTIAL_REPO,SP-013
POST,/v1/moments/{momentId}/memories,POST /v1/moments/{}/memories,True,True,True,apk/app/src/main/java/com/example/momentra/data/repository/GroupSliceRepository.kt,,PARTIAL_REPO,SP-013
GET,/v1/moments/{momentId}/memories/{memoryId}/media,GET /v1/moments/{}/memories/{}/media,True,True,True,,,UNWIRED_REPO,SP-013
POST,/v1/moments/{momentId}/memories/{memoryId}/media,POST /v1/moments/{}/memories/{}/media,True,True,True,apk/app/src/main/java/com/example/momentra/data/repository/GroupSliceRepository.kt,,PARTIAL_REPO,SP-013
GET,/v1/group/moments/{momentId}/vendors,GET /v1/group/moments/{}/vendors,True,True,True,,,UNWIRED_REPO,SP-013
POST,/v1/moments/{momentId}/vendors,POST /v1/moments/{}/vendors,True,True,True,apk/app/src/main/java/com/example/momentra/data/repository/GroupSliceRepository.kt,,PARTIAL_REPO,SP-013
GET,/v1/group/moments/{momentId}/attendance,GET /v1/group/moments/{}/attendance,True,True,True,,,UNWIRED_REPO,SP-013
POST,/v1/moments/{momentId}/attendance,POST /v1/moments/{}/attendance,True,True,True,apk/app/src/main/java/com/example/momentra/data/repository/GroupSliceRepository.kt,,PARTIAL_REPO,SP-013
GET,/v1/group/moments/{momentId}/living-rules,GET /v1/group/moments/{}/living-rules,True,True,True,,,UNWIRED_REPO,SP-013
POST,/v1/moments/{momentId}/living-rules,POST /v1/moments/{}/living-rules,True,True,True,apk/app/src/main/java/com/example/momentra/data/repository/GroupSliceRepository.kt,,PARTIAL_REPO,SP-013
GET,/v1/group/moments/{momentId}/shared-assets,GET /v1/group/moments/{}/shared-assets,True,True,True,apk/app/src/main/java/com/example/momentra/data/repository/GroupSliceRepository.kt,,PARTIAL_REPO,SP-013
POST,/v1/moments/{momentId}/shared-assets,POST /v1/moments/{}/shared-assets,True,True,True,apk/app/src/main/java/com/example/momentra/data/repository/GroupSliceRepository.kt,,PARTIAL_REPO,SP-013
GET,/v1/group/moments/{momentId}/maintenance-records,GET /v1/group/moments/{}/maintenance-records,True,True,True,apk/app/src/main/java/com/example/momentra/data/repository/GroupSliceRepository.kt,,PARTIAL_REPO,SP-013
POST,/v1/moments/{momentId}/maintenance-records,POST /v1/moments/{}/maintenance-records,True,True,True,apk/app/src/main/java/com/example/momentra/data/repository/GroupSliceRepository.kt,,PARTIAL_REPO,SP-013
POST,/v1/moments/{momentId}/settlements,POST /v1/moments/{}/settlements,True,True,True,apk/app/src/main/java/com/example/momentra/data/repository/GroupSliceRepository.kt,,PARTIAL_REPO,SP-013
POST,/v1/group/invites,POST /v1/group/invites,True,True,True,apk/app/src/main/java/com/example/momentra/data/repository/MomentCreateRepository.kt;apk/app/src/main/java/com/example/momentra/data/repository/GroupSliceRepository.kt,,PARTIAL_REPO,SP-013
GET,/v1/group/invites/{code},GET /v1/group/invites/{},True,True,True,apk/app/src/main/java/com/example/momentra/data/repository/GroupSliceRepository.kt,,PARTIAL_REPO,SP-013
POST,/v1/group/invites/{code}/redeem,POST /v1/group/invites/{}/redeem,True,True,True,apk/app/src/main/java/com/example/momentra/data/repository/GroupSliceRepository.kt,,PARTIAL_REPO,SP-013
POST,/v1/company/invites,POST /v1/company/invites,True,True,True,apk/app/src/main/java/com/example/momentra/data/repository/GroupSliceRepository.kt,,PARTIAL_REPO,SP-013
GET,/v1/company/invites/{code},GET /v1/company/invites/{},True,True,True,apk/app/src/main/java/com/example/momentra/data/repository/GroupSliceRepository.kt,,PARTIAL_REPO,SP-013
POST,/v1/company/invites/{code}/redeem,POST /v1/company/invites/{}/redeem,True,True,True,apk/app/src/main/java/com/example/momentra/data/repository/GroupSliceRepository.kt,,PARTIAL_REPO,SP-013
GET,/v1/analytics/metrics,GET /v1/analytics/metrics,True,True,True,apk/app/src/main/java/com/example/momentra/data/repository/GroupSliceRepository.kt,,PARTIAL_REPO,SP-013
POST,/v1/analytics/refresh,POST /v1/analytics/refresh,True,True,True,apk/app/src/main/java/com/example/momentra/data/repository/GroupSliceRepository.kt,,PARTIAL_REPO,SP-013
POST,/v1/ai/action-proposals/{actionProposalId}/execute,POST /v1/ai/action-proposals/{}/execute,True,True,True,,,UNWIRED_REPO,SP-013
GET,/v1/life360,GET /v1/life360,True,True,True,,momentra/momentra/Shell/ShellMeGateway.swift;momentra/momentra/Shell/ShellMeGateway.swift,PARTIAL_REPO,SP-013
GET,/v1/business/moments/{momentId}/pulse,GET /v1/business/moments/{}/pulse,True,True,True,apk/app/src/main/java/com/example/momentra/data/repository/BusinessSliceRepository.kt,,PARTIAL_REPO,SP-013
GET,/v1/business/moments/{momentId}/life,GET /v1/business/moments/{}/life,True,True,True,apk/app/src/main/java/com/example/momentra/data/repository/BusinessSliceRepository.kt,,PARTIAL_REPO,SP-013
GET,/v1/business/moments/{momentId}/memory,GET /v1/business/moments/{}/memory,True,True,True,apk/app/src/main/java/com/example/momentra/data/repository/BusinessSliceRepository.kt,,PARTIAL_REPO,SP-013
GET,/v1/business/moments/{momentId}/finance,GET /v1/business/moments/{}/finance,True,True,True,apk/app/src/main/java/com/example/momentra/data/repository/BusinessSliceRepository.kt,,PARTIAL_REPO,SP-013
GET,/v1/business/moments/{momentId}/actions,GET /v1/business/moments/{}/actions,True,True,True,,,UNWIRED_REPO,SP-013
GET,/v1/business/moments/{momentId}/expenses,GET /v1/business/moments/{}/expenses,True,True,True,,,UNWIRED_REPO,SP-013
GET,/v1/business/moments/{momentId}/revenues,GET /v1/business/moments/{}/revenues,True,True,True,,,UNWIRED_REPO,SP-013
GET,/v1/business/moments/{momentId}/invoices,GET /v1/business/moments/{}/invoices,True,True,True,,,UNWIRED_REPO,SP-013
GET,/v1/business/moments/{momentId}/issues,GET /v1/business/moments/{}/issues,True,True,True,,,UNWIRED_REPO,SP-013
GET,/v1/business/moments/{momentId}/improvements,GET /v1/business/moments/{}/improvements,True,True,True,,,UNWIRED_REPO,SP-013
GET,/v1/business/moments/{momentId}/updates,GET /v1/business/moments/{}/updates,True,True,True,,,UNWIRED_REPO,SP-013
GET,/v1/business/moments/{momentId}/approvals,GET /v1/business/moments/{}/approvals,True,True,True,,,UNWIRED_REPO,SP-013
GET,/v1/business/moments/{momentId}/memories,GET /v1/business/moments/{}/memories,True,True,True,,,UNWIRED_REPO,SP-013
GET,/v1/group/moments/{momentId}/pulse,GET /v1/group/moments/{}/pulse,True,True,True,apk/app/src/main/java/com/example/momentra/data/repository/GroupSliceRepository.kt,,PARTIAL_REPO,SP-013
GET,/v1/group/moments/{momentId}/life,GET /v1/group/moments/{}/life,True,True,True,apk/app/src/main/java/com/example/momentra/data/repository/GroupSliceRepository.kt,,PARTIAL_REPO,SP-013
GET,/v1/group/moments/{momentId}/memory,GET /v1/group/moments/{}/memory,True,True,True,apk/app/src/main/java/com/example/momentra/data/repository/GroupSliceRepository.kt,,PARTIAL_REPO,SP-013
GET,/v1/group/moments/{momentId}/finance,GET /v1/group/moments/{}/finance,True,True,True,apk/app/src/main/java/com/example/momentra/data/repository/GroupSliceRepository.kt,,PARTIAL_REPO,SP-013
