Sequence,Txn_ID,Mode,Family,Moment,Quick_Add,Semantic_Type,Txn_Date,Txn_Time,Timestamp,Amount,Currency,Expected_Signed_Amount,Paid_By,Participant_Count,Split_Method,Description,Device_Target,Run_Batch,Backend_Load_Band,Expected_Status,Idempotency_Key,Platform,catalog_moment_id,catalog_moment_type,catalog_quick_add,catalog_id,catalog_status,tile_maestro_id,amount_maestro_id,note_maestro_id,submit_maestro_id,split_maestro_id,category_value,correlation_note,join_status,join_notes
1,MTR-IOS-0001,Personal,Personal,Life Operations,Groceries,Expense,2026-01-20,05:40:34,2026-01-20 05:40:34,14066.5,INR,-14066.5,IOS Owner,,,MAESTRO-IOS-PERSONAL-LIFE_OPERATIONS-0001 | Groceries | 14066.50,iPhone,B01,BASELINE_1_500,CREATED,idem-20260902-ios-0001,ios,P1,LIFE_RHYTHM,Income,P1:Income,ACTIVE,qa.tile.income,personal.income.amount,personal.income.note,personal.income.submit,,Groceries,MAESTRO-IOS-PERSONAL-LIFE_OPERATIONS-0001 | Groceries | 14066.50,JOINED,Ledger category → money form; Android hub Income / iOS Expense label drift
2,MTR-IOS-0002,Group,Shared Experience,Trip,Travel,Expense,2026-01-01,17:33:29,2026-01-01 17:33:29,26868.32,INR,-26868.32,IOS Owner,3,EQUAL,MAESTRO-IOS-GROUP-TRIP-0002 | Travel | 26868.32,iPhone,B01,BASELINE_1_500,CREATED,idem-20260902-ios-0002,ios,G01,TRIP,Expense,G01:Expense,ACTIVE,qa.tile.expense,group.expense.amount,group.expense.note,group.expense.submit,group.expense.split.equal,Travel,MAESTRO-IOS-GROUP-TRIP-0002 | Travel | 26868.32,JOINED,Ledger Quick_Add is expense category; Split_Method drives group.expense.split.*
3,MTR-IOS-0003,Business,Business,Team Operations,Payroll,Expense,2026-04-19,12:08:42,2026-04-19 12:08:42,57453.63,INR,-57453.63,IOS Owner,,,MAESTRO-IOS-BUSINESS-TEAM_OPERATIONS-0003 | Payroll | 57453.63,iPhone,B01,BASELINE_1_500,CREATED,idem-20260902-ios-0003,ios,B01,TEAM_OPERATIONS,Team Update,B01:Team Update,ACTIVE,,business.expense.amount,business.expense.note,business.expense.submit,,Payroll,MAESTRO-IOS-BUSINESS-TEAM_OPERATIONS-0003 | Payroll | 57453.63,JOINED,Team Ops hub has no Expense; Team meal/travel etc. use Team Update until Spend path wired — prefer B03 Spend for ops expenses
4,MTR-IOS-0004,Personal,Personal,Life Operations,Rent,Expense,2026-05-25,04:30:57,2026-05-25 04:30:57,2414.9,INR,-2414.9,IOS Owner,,,MAESTRO-IOS-PERSONAL-LIFE_OPERATIONS-0004 | Rent | 2414.90,iPhone,B01,BASELINE_1_500,CREATED,idem-20260902-ios-0004,ios,P1,LIFE_RHYTHM,Income,P1:Income,ACTIVE,qa.tile.income,personal.income.amount,personal.income.note,personal.income.submit,,Rent,MAESTRO-IOS-PERSONAL-LIFE_OPERATIONS-0004 | Rent | 2414.90,JOINED,Ledger category → money form; Android hub Income / iOS Expense label drift
5,MTR-IOS-0005,Group,Shared Experience,Trip,Stay,Expense,2026-07-28,08:16:22,2026-07-28 08:16:22,18351.21,INR,-18351.21,IOS Aarav,3,PERCENTAGE,MAESTRO-IOS-GROUP-TRIP-0005 | Stay | 18351.21,iPhone,B01,BASELINE_1_500,CREATED,idem-20260902-ios-0005,ios,G01,TRIP,Expense,G01:Expense,ACTIVE,qa.tile.expense,group.expense.amount,group.expense.note,group.expense.submit,group.expense.split.percentage,Stay,MAESTRO-IOS-GROUP-TRIP-0005 | Stay | 18351.21,JOINED,Ledger Quick_Add is expense category; Split_Method drives group.expense.split.*
6,MTR-IOS-0006,Business,Business,Team Operations,Contractor,Expense,2025-09-13,09:54:55,2025-09-13 09:54:55,109737.08,INR,-109737.08,IOS Owner,,,MAESTRO-IOS-BUSINESS-TEAM_OPERATIONS-0006 | Contractor | 109737.08,iPhone,B01,BASELINE_1_500,CREATED,idem-20260902-ios-0006,ios,B01,TEAM_OPERATIONS,Team Update,B01:Team Update,ACTIVE,,business.expense.amount,business.expense.note,business.expense.submit,,Contractor,MAESTRO-IOS-BUSINESS-TEAM_OPERATIONS-0006 | Contractor | 109737.08,JOINED,Team Ops hub has no Expense; Team meal/travel etc. use Team Update until Spend path wired — prefer B03 Spend for ops expenses
7,MTR-IOS-0007,Personal,Personal,Life Operations,Bills,Expense,2026-01-22,02:25:22,2026-01-22 02:25:22,7285.65,INR,-7285.65,IOS Owner,,,MAESTRO-IOS-PERSONAL-LIFE_OPERATIONS-0007 | Bills | 7285.65,iPhone,B01,BASELINE_1_500,CREATED,idem-20260902-ios-0007,ios,P1,LIFE_RHYTHM,Income,P1:Income,ACTIVE,qa.tile.income,personal.income.amount,personal.income.note,personal.income.submit,,Bills,MAESTRO-IOS-PERSONAL-LIFE_OPERATIONS-0007 | Bills | 7285.65,JOINED,Ledger category → money form; Android hub Income / iOS Expense label drift
8,MTR-IOS-0008,Group,Shared Experience,Trip,Food,Expense,2025-11-02,09:34:17,2025-11-02 09:34:17,25422.15,INR,-25422.15,IOS Meera,3,EXACT,MAESTRO-IOS-GROUP-TRIP-0008 | Food | 25422.15,iPhone,B01,BASELINE_1_500,CREATED,idem-20260902-ios-0008,ios,G01,TRIP,Expense,G01:Expense,ACTIVE,qa.tile.expense,group.expense.amount,group.expense.note,group.expense.submit,group.expense.split.exact,Food,MAESTRO-IOS-GROUP-TRIP-0008 | Food | 25422.15,JOINED,Ledger Quick_Add is expense category; Split_Method drives group.expense.split.*
9,MTR-IOS-0009,Business,Business,Team Operations,Hiring,Expense,2025-11-29,08:26:29,2025-11-29 08:26:29,142974.65,INR,-142974.65,IOS Owner,,,MAESTRO-IOS-BUSINESS-TEAM_OPERATIONS-0009 | Hiring | 142974.65,iPhone,B01,BASELINE_1_500,CREATED,idem-20260902-ios-0009,ios,B01,TEAM_OPERATIONS,Team Update,B01:Team Update,ACTIVE,,business.expense.amount,business.expense.note,business.expense.submit,,Hiring,MAESTRO-IOS-BUSINESS-TEAM_OPERATIONS-0009 | Hiring | 142974.65,JOINED,Team Ops hub has no Expense; Team meal/travel etc. use Team Update until Spend path wired — prefer B03 Spend for ops expenses
10,MTR-IOS-0010,Personal,Personal,Life Operations,Transport,Expense,2025-11-14,21:54:54,2025-11-14 21:54:54,13838.38,INR,-13838.38,IOS Owner,,,MAESTRO-IOS-PERSONAL-LIFE_OPERATIONS-0010 | Transport | 13838.38,iPhone,B01,BASELINE_1_500,CREATED,idem-20260902-ios-0010,ios,P1,LIFE_RHYTHM,Income,P1:Income,ACTIVE,qa.tile.income,personal.income.amount,personal.income.note,personal.income.submit,,Transport,MAESTRO-IOS-PERSONAL-LIFE_OPERATIONS-0010 | Transport | 13838.38,JOINED,Ledger category → money form; Android hub Income / iOS Expense label drift
11,MTR-IOS-0011,Group,Shared Experience,Trip,Local Transport,Expense,2026-06-20,01:17:01,2026-06-20 01:17:01,20814.45,INR,-20814.45,IOS Owner,3,SHARES,MAESTRO-IOS-GROUP-TRIP-0011 | Local Transport | 20814.45,iPhone,B01,BASELINE_1_500,CREATED,idem-20260902-ios-0011,ios,G01,TRIP,Expense,G01:Expense,ACTIVE,qa.tile.expense,group.expense.amount,group.expense.note,group.expense.submit,group.expense.split.shares,Local Transport,MAESTRO-IOS-GROUP-TRIP-0011 | Local Transport | 20814.45,JOINED,Ledger Quick_Add is expense category; Split_Method drives group.expense.split.*
12,MTR-IOS-0012,Business,Business,Team Operations,Team Meal,Expense,2025-11-11,17:19:55,2025-11-11 17:19:55,153816.21,INR,-153816.21,IOS Owner,,,MAESTRO-IOS-BUSINESS-TEAM_OPERATIONS-0012 | Team Meal | 153816.21,iPhone,B01,BASELINE_1_500,CREATED,idem-20260902-ios-0012,ios,B01,TEAM_OPERATIONS,Team Update,B01:Team Update,ACTIVE,,business.expense.amount,business.expense.note,business.expense.submit,,Team Meal,MAESTRO-IOS-BUSINESS-TEAM_OPERATIONS-0012 | Team Meal | 153816.21,JOINED,Team Ops hub has no Expense; Team meal/travel etc. use Team Update until Spend path wired — prefer B03 Spend for ops expenses
13,MTR-IOS-0013,Personal,Personal,Life Operations,Healthcare,Expense,2025-11-09,08:56:35,2025-11-09 08:56:35,12883.33,INR,-12883.33,IOS Owner,,,MAESTRO-IOS-PERSONAL-LIFE_OPERATIONS-0013 | Healthcare | 12883.33,iPhone,B01,BASELINE_1_500,CREATED,idem-20260902-ios-0013,ios,P1,LIFE_RHYTHM,Income,P1:Income,ACTIVE,qa.tile.income,personal.income.amount,personal.income.note,personal.income.submit,,Healthcare,MAESTRO-IOS-PERSONAL-LIFE_OPERATIONS-0013 | Healthcare | 12883.33,JOINED,Ledger category → money form; Android hub Income / iOS Expense label drift
14,MTR-IOS-0014,Group,Shared Experience,Trip,Activities,Expense,2026-06-03,00:50:46,2026-06-03 00:50:46,8585.78,INR,-8585.78,IOS Aarav,3,EQUAL,MAESTRO-IOS-GROUP-TRIP-0014 | Activities | 8585.78,iPhone,B01,BASELINE_1_500,CREATED,idem-20260902-ios-0014,ios,G01,TRIP,Expense,G01:Expense,ACTIVE,qa.tile.expense,group.expense.amount,group.expense.note,group.expense.submit,group.expense.split.equal,Activities,MAESTRO-IOS-GROUP-TRIP-0014 | Activities | 8585.78,JOINED,Ledger Quick_Add is expense category; Split_Method drives group.expense.split.*
15,MTR-IOS-0015,Business,Business,Team Operations,Travel,Expense,2026-04-03,04:52:28,2026-04-03 04:52:28,126238.94,INR,-126238.94,IOS Owner,,,MAESTRO-IOS-BUSINESS-TEAM_OPERATIONS-0015 | Travel | 126238.94,iPhone,B01,BASELINE_1_500,CREATED,idem-20260902-ios-0015,ios,B01,TEAM_OPERATIONS,Team Update,B01:Team Update,ACTIVE,,business.expense.amount,business.expense.note,business.expense.submit,,Travel,MAESTRO-IOS-BUSINESS-TEAM_OPERATIONS-0015 | Travel | 126238.94,JOINED,Team Ops hub has no Expense; Team meal/travel etc. use Team Update until Spend path wired — prefer B03 Spend for ops expenses
16,MTR-IOS-0016,Personal,Personal,Life Operations,Subscriptions,Expense,2025-12-19,15:44:33,2025-12-19 15:44:33,12564.33,INR,-12564.33,IOS Owner,,,MAESTRO-IOS-PERSONAL-LIFE_OPERATIONS-0016 | Subscriptions | 12564.33,iPhone,B01,BASELINE_1_500,CREATED,idem-20260902-ios-0016,ios,P1,LIFE_RHYTHM,Income,P1:Income,ACTIVE,qa.tile.income,personal.income.amount,personal.income.note,personal.income.submit,,Subscriptions,MAESTRO-IOS-PERSONAL-LIFE_OPERATIONS-0016 | Subscriptions | 12564.33,JOINED,Ledger category → money form; Android hub Income / iOS Expense label drift
17,MTR-IOS-0017,Group,Shared Experience,Trip,Shopping,Expense,2026-07-13,17:19:07,2026-07-13 17:19:07,14891.49,INR,-14891.49,IOS Meera,3,PERCENTAGE,MAESTRO-IOS-GROUP-TRIP-0017 | Shopping | 14891.49,iPhone,B01,BASELINE_1_500,CREATED,idem-20260902-ios-0017,ios,G01,TRIP,Expense,G01:Expense,ACTIVE,qa.tile.expense,group.expense.amount,group.expense.note,group.expense.submit,group.expense.split.percentage,Shopping,MAESTRO-IOS-GROUP-TRIP-0017 | Shopping | 14891.49,JOINED,Ledger Quick_Add is expense category; Split_Method drives group.expense.split.*
18,MTR-IOS-0018,Business,Business,Team Operations,Training,Expense,2025-12-06,21:22:54,2025-12-06 21:22:54,77896.48,INR,-77896.48,IOS Owner,,,MAESTRO-IOS-BUSINESS-TEAM_OPERATIONS-0018 | Training | 77896.48,iPhone,B01,BASELINE_1_500,CREATED,idem-20260902-ios-0018,ios,B01,TEAM_OPERATIONS,Team Update,B01:Team Update,ACTIVE,,business.expense.amount,business.expense.note,business.expense.submit,,Training,MAESTRO-IOS-BUSINESS-TEAM_OPERATIONS-0018 | Training | 77896.48,JOINED,Team Ops hub has no Expense; Team meal/travel etc. use Team Update until Spend path wired — prefer B03 Spend for ops expenses
19,MTR-IOS-0019,Personal,Personal,Life Operations,Repairs,Expense,2026-01-04,12:54:47,2026-01-04 12:54:47,17848.59,INR,-17848.59,IOS Owner,,,MAESTRO-IOS-PERSONAL-LIFE_OPERATIONS-0019 | Repairs | 17848.59,iPhone,B01,BASELINE_1_500,CREATED,idem-20260902-ios-0019,ios,P1,LIFE_RHYTHM,Income,P1:Income,ACTIVE,qa.tile.income,personal.income.amount,personal.income.note,personal.income.submit,,Repairs,MAESTRO-IOS-PERSONAL-LIFE_OPERATIONS-0019 | Repairs | 17848.59,JOINED,Ledger category → money form; Android hub Income / iOS Expense label drift
20,MTR-IOS-0020,Group,Shared Experience,Trip,Other,Expense,2026-07-10,02:41:12,2026-07-10 02:41:12,16125.67,INR,-16125.67,IOS Owner,3,EXACT,MAESTRO-IOS-GROUP-TRIP-0020 | Other | 16125.67,iPhone,B01,BASELINE_1_500,CREATED,idem-20260902-ios-0020,ios,G01,TRIP,Expense,G01:Expense,ACTIVE,qa.tile.expense,group.expense.amount,group.expense.note,group.expense.submit,group.expense.split.exact,Other,MAESTRO-IOS-GROUP-TRIP-0020 | Other | 16125.67,JOINED,Ledger Quick_Add is expense category; Split_Method drives group.expense.split.*
21,MTR-IOS-0021,Business,Business,Team Operations,Tools,Expense,2026-08-30,21:03:27,2026-08-30 21:03:27,135446.27,INR,-135446.27,IOS Owner,,,MAESTRO-IOS-BUSINESS-TEAM_OPERATIONS-0021 | Tools | 135446.27,iPhone,B01,BASELINE_1_500,CREATED,idem-20260902-ios-0021,ios,B01,TEAM_OPERATIONS,Team Update,B01:Team Update,ACTIVE,,business.expense.amount,business.expense.note,business.expense.submit,,Tools,MAESTRO-IOS-BUSINESS-TEAM_OPERATIONS-0021 | Tools | 135446.27,JOINED,Team Ops hub has no Expense; Team meal/travel etc. use Team Update until Spend path wired — prefer B03 Spend for ops expenses
22,MTR-IOS-0022,Personal,Personal,Future Building,Savings,Transfer,2026-08-18,12:31:57,2026-08-18 12:31:57,16827.67,INR,0.0,IOS Owner,,,MAESTRO-IOS-PERSONAL-FUTURE_BUILDING-0022 | Savings | 16827.67,iPhone,B01,BASELINE_1_500,CREATED,idem-20260902-ios-0022,ios,P2,FUTURE_GOAL,Progress,P2:Progress,ACTIVE,qa.tile.progress,personal.money.transfer.amount,personal.money.transfer.note,personal.money.transfer.submit,,Savings,MAESTRO-IOS-PERSONAL-FUTURE_BUILDING-0022 | Savings | 16827.67,JOINED_REVIEW,Future Transfer/Savings/Goal Contribution → Progress proxy until P2 money hub exists — REVIEW
23,MTR-IOS-0023,Group,Shared Experience,Wedding,Venue,Expense,2026-06-01,20:52:46,2026-06-01 20:52:46,24925.16,INR,-24925.16,IOS Aarav,3,SHARES,MAESTRO-IOS-GROUP-WEDDING-0023 | Venue | 24925.16,iPhone,B01,BASELINE_1_500,CREATED,idem-20260902-ios-0023,ios,G02,WEDDING,Expense,G02:Expense,ACTIVE,qa.tile.expense,group.expense.amount,group.expense.note,group.expense.submit,group.expense.split.shares,Venue,MAESTRO-IOS-GROUP-WEDDING-0023 | Venue | 24925.16,JOINED,Ledger Quick_Add is expense category; Split_Method drives group.expense.split.*
24,MTR-IOS-0024,Business,Business,Business Runway,Funding,Income,2025-12-22,12:33:06,2025-12-22 12:33:06,121141.46,INR,121141.46,IOS Owner,,,MAESTRO-IOS-BUSINESS-BUSINESS_RUNWAY-0024 | Funding | 121141.46,iPhone,B01,BASELINE_1_500,CREATED,idem-20260902-ios-0024,ios,B02,BUSINESS_RUNWAY,Revenue,B02:Revenue,ACTIVE,qa.tile.revenue,business.revenue.amount,,business.revenue.submit,,Funding,MAESTRO-IOS-BUSINESS-BUSINESS_RUNWAY-0024 | Funding | 121141.46,JOINED,Funding/Investment/Loan/Revenue → Runway Revenue
25,MTR-IOS-0025,Personal,Personal,Future Building,Emergency Fund,Transfer,2025-11-21,03:01:08,2025-11-21 03:01:08,4005.71,INR,0.0,IOS Owner,,,MAESTRO-IOS-PERSONAL-FUTURE_BUILDING-0025 | Emergency Fund | 4005.71,iPhone,B01,BASELINE_1_500,CREATED,idem-20260902-ios-0025,ios,P2,FUTURE_GOAL,Progress,P2:Progress,ACTIVE,qa.tile.progress,personal.money.transfer.amount,personal.money.transfer.note,personal.money.transfer.submit,,Emergency Fund,MAESTRO-IOS-PERSONAL-FUTURE_BUILDING-0025 | Emergency Fund | 4005.71,JOINED_REVIEW,Future Transfer/Savings/Goal Contribution → Progress proxy until P2 money hub exists — REVIEW
26,MTR-IOS-0026,Group,Shared Experience,Wedding,Catering,Expense,2026-06-13,12:22:45,2026-06-13 12:22:45,19704.71,INR,-19704.71,IOS Meera,3,EQUAL,MAESTRO-IOS-GROUP-WEDDING-0026 | Catering | 19704.71,iPhone,B01,BASELINE_1_500,CREATED,idem-20260902-ios-0026,ios,G02,WEDDING,Expense,G02:Expense,ACTIVE,qa.tile.expense,group.expense.amount,group.expense.note,group.expense.submit,group.expense.split.equal,Catering,MAESTRO-IOS-GROUP-WEDDING-0026 | Catering | 19704.71,JOINED,Ledger Quick_Add is expense category; Split_Method drives group.expense.split.*
27,MTR-IOS-0027,Business,Business,Business Runway,Revenue,Income,2025-12-03,06:00:42,2025-12-03 06:00:42,144069.9,INR,144069.9,IOS Owner,,,MAESTRO-IOS-BUSINESS-BUSINESS_RUNWAY-0027 | Revenue | 144069.90,iPhone,B01,BASELINE_1_500,CREATED,idem-20260902-ios-0027,ios,B02,BUSINESS_RUNWAY,Revenue,B02:Revenue,ACTIVE,qa.tile.revenue,business.revenue.amount,,business.revenue.submit,,Revenue,MAESTRO-IOS-BUSINESS-BUSINESS_RUNWAY-0027 | Revenue | 144069.90,JOINED,Funding/Investment/Loan/Revenue → Runway Revenue
28,MTR-IOS-0028,Personal,Personal,Future Building,Investments,Investment,2025-10-04,22:40:03,2025-10-04 22:40:03,4161.04,INR,0.0,IOS Owner,,,MAESTRO-IOS-PERSONAL-FUTURE_BUILDING-0028 | Investments | 4161.04,iPhone,B01,BASELINE_1_500,CREATED,idem-20260902-ios-0028,ios,P2,FUTURE_GOAL,Opportunity,P2:Opportunity,ACTIVE,qa.tile.opportunity,,,,,Investments,MAESTRO-IOS-PERSONAL-FUTURE_BUILDING-0028 | Investments | 4161.04,JOINED_REVIEW,Future Investments → Opportunity proxy — REVIEW
29,MTR-IOS-0029,Group,Shared Experience,Wedding,Decor,Expense,2026-04-01,16:03:33,2026-04-01 16:03:33,15620.75,INR,-15620.75,IOS Owner,3,PERCENTAGE,MAESTRO-IOS-GROUP-WEDDING-0029 | Decor | 15620.75,iPhone,B01,BASELINE_1_500,CREATED,idem-20260902-ios-0029,ios,G02,WEDDING,Expense,G02:Expense,ACTIVE,qa.tile.expense,group.expense.amount,group.expense.note,group.expense.submit,group.expense.split.percentage,Decor,MAESTRO-IOS-GROUP-WEDDING-0029 | Decor | 15620.75,JOINED,Ledger Quick_Add is expense category; Split_Method drives group.expense.split.*
30,MTR-IOS-0030,Business,Business,Business Runway,Burn,Expense,2026-05-28,08:13:09,2026-05-28 08:13:09,142385.1,INR,-142385.1,IOS Owner,,,MAESTRO-IOS-BUSINESS-BUSINESS_RUNWAY-0030 | Burn | 142385.10,iPhone,B01,BASELINE_1_500,CREATED,idem-20260902-ios-0030,ios,B02,BUSINESS_RUNWAY,Expense,B02:Expense,ACTIVE,qa.tile.expense,business.expense.amount,business.expense.note,business.expense.submit,,Burn,MAESTRO-IOS-BUSINESS-BUSINESS_RUNWAY-0030 | Burn | 142385.10,JOINED,Runway Log Expense
31,MTR-IOS-0031,Personal,Personal,Future Building,Education,Expense,2025-10-01,22:40:13,2025-10-01 22:40:13,6294.62,INR,-6294.62,IOS Owner,,,MAESTRO-IOS-PERSONAL-FUTURE_BUILDING-0031 | Education | 6294.62,iPhone,B01,BASELINE_1_500,CREATED,idem-20260902-ios-0031,ios,P2,FUTURE_GOAL,Milestone,P2:Milestone,ACTIVE,qa.tile.milestone,personal.income.amount,personal.income.note,personal.income.submit,,Education,MAESTRO-IOS-PERSONAL-FUTURE_BUILDING-0031 | Education | 6294.62,JOINED_REVIEW,No Expense hub on P2; Education expenses use Milestone as ACTIVE proxy until money tile restored — REVIEW
32,MTR-IOS-0032,Group,Shared Experience,Wedding,Travel,Expense,2025-12-08,02:39:00,2025-12-08 02:39:00,16472.62,INR,-16472.62,IOS Aarav,3,EXACT,MAESTRO-IOS-GROUP-WEDDING-0032 | Travel | 16472.62,iPhone,B01,BASELINE_1_500,CREATED,idem-20260902-ios-0032,ios,G02,WEDDING,Expense,G02:Expense,ACTIVE,qa.tile.expense,group.expense.amount,group.expense.note,group.expense.submit,group.expense.split.exact,Travel,MAESTRO-IOS-GROUP-WEDDING-0032 | Travel | 16472.62,JOINED,Ledger Quick_Add is expense category; Split_Method drives group.expense.split.*
33,MTR-IOS-0033,Business,Business,Business Runway,Reserve,Transfer,2026-02-26,12:20:25,2026-02-26 12:20:25,827.54,INR,0.0,IOS Owner,,,MAESTRO-IOS-BUSINESS-BUSINESS_RUNWAY-0033 | Reserve | 827.54,iPhone,B01,BASELINE_1_500,CREATED,idem-20260902-ios-0033,ios,B02,BUSINESS_RUNWAY,Expense,B02:Expense,ACTIVE,qa.tile.expense,,,,,Reserve,MAESTRO-IOS-BUSINESS-BUSINESS_RUNWAY-0033 | Reserve | 827.54,JOINED_REVIEW,Reserve transfer → Runway expense/movement proxy — REVIEW
34,MTR-IOS-0034,Personal,Personal,Future Building,Goal Contribution,Transfer,2026-06-19,03:26:47,2026-06-19 03:26:47,10116.79,INR,0.0,IOS Owner,,,MAESTRO-IOS-PERSONAL-FUTURE_BUILDING-0034 | Goal Contribution | 10116.79,iPhone,B01,BASELINE_1_500,CREATED,idem-20260902-ios-0034,ios,P2,FUTURE_GOAL,Progress,P2:Progress,ACTIVE,qa.tile.progress,personal.money.transfer.amount,personal.money.transfer.note,personal.money.transfer.submit,,Goal Contribution,MAESTRO-IOS-PERSONAL-FUTURE_BUILDING-0034 | Goal Contribution | 10116.79,JOINED_REVIEW,Future Transfer/Savings/Goal Contribution → Progress proxy until P2 money hub exists — REVIEW
35,MTR-IOS-0035,Group,Shared Experience,Wedding,Gifts,Expense,2025-11-23,03:38:36,2025-11-23 03:38:36,18821.96,INR,-18821.96,IOS Meera,3,SHARES,MAESTRO-IOS-GROUP-WEDDING-0035 | Gifts | 18821.96,iPhone,B01,BASELINE_1_500,CREATED,idem-20260902-ios-0035,ios,G02,WEDDING,Expense,G02:Expense,ACTIVE,qa.tile.expense,group.expense.amount,group.expense.note,group.expense.submit,group.expense.split.shares,Gifts,MAESTRO-IOS-GROUP-WEDDING-0035 | Gifts | 18821.96,JOINED,Ledger Quick_Add is expense category; Split_Method drives group.expense.split.*
36,MTR-IOS-0036,Business,Business,Business Runway,Loan,Income,2026-03-06,23:55:25,2026-03-06 23:55:25,122441.2,INR,122441.2,IOS Owner,,,MAESTRO-IOS-BUSINESS-BUSINESS_RUNWAY-0036 | Loan | 122441.20,iPhone,B01,BASELINE_1_500,CREATED,idem-20260902-ios-0036,ios,B02,BUSINESS_RUNWAY,Revenue,B02:Revenue,ACTIVE,qa.tile.revenue,business.revenue.amount,,business.revenue.submit,,Loan,MAESTRO-IOS-BUSINESS-BUSINESS_RUNWAY-0036 | Loan | 122441.20,JOINED,Funding/Investment/Loan/Revenue → Runway Revenue
37,MTR-IOS-0037,Personal,Personal,Lifestyle,Dining,Expense,2026-04-06,17:23:47,2026-04-06 17:23:47,1.0,INR,-1.0,IOS Owner,,,MAESTRO-IOS-PERSONAL-LIFESTYLE-0037 | Dining | 1.00,iPhone,B01,BASELINE_1_500,CREATED,idem-20260902-ios-0037,ios,P3,LIFESTYLE,Experience,P3:Experience,ACTIVE,qa.tile.experience,personal.income.amount,personal.income.note,personal.income.submit,,Dining,MAESTRO-IOS-PERSONAL-LIFESTYLE-0037 | Dining | 1.00,JOINED_REVIEW,No Expense hub on P3; lifestyle spend uses Experience proxy — REVIEW
38,MTR-IOS-0038,Group,Shared Experience,Wedding,Photography,Expense,2026-03-27,02:06:48,2026-03-27 02:06:48,6824.65,INR,-6824.65,IOS Owner,3,EQUAL,MAESTRO-IOS-GROUP-WEDDING-0038 | Photography | 6824.65,iPhone,B01,BASELINE_1_500,CREATED,idem-20260902-ios-0038,ios,G02,WEDDING,Expense,G02:Expense,ACTIVE,qa.tile.expense,group.expense.amount,group.expense.note,group.expense.submit,group.expense.split.equal,Photography,MAESTRO-IOS-GROUP-WEDDING-0038 | Photography | 6824.65,JOINED,Ledger Quick_Add is expense category; Split_Method drives group.expense.split.*
39,MTR-IOS-0039,Business,Business,Business Runway,Investment,Income,2026-07-28,16:32:18,2026-07-28 16:32:18,161177.11,INR,161177.11,IOS Owner,,,MAESTRO-IOS-BUSINESS-BUSINESS_RUNWAY-0039 | Investment | 161177.11,iPhone,B01,BASELINE_1_500,CREATED,idem-20260902-ios-0039,ios,B02,BUSINESS_RUNWAY,Revenue,B02:Revenue,ACTIVE,qa.tile.revenue,business.revenue.amount,,business.revenue.submit,,Investment,MAESTRO-IOS-BUSINESS-BUSINESS_RUNWAY-0039 | Investment | 161177.11,JOINED,Funding/Investment/Loan/Revenue → Runway Revenue
40,MTR-IOS-0040,Personal,Personal,Lifestyle,Shopping,Expense,2026-06-25,22:20:44,2026-06-25 22:20:44,8933.08,INR,-8933.08,IOS Owner,,,MAESTRO-IOS-PERSONAL-LIFESTYLE-0040 | Shopping | 8933.08,iPhone,B01,BASELINE_1_500,CREATED,idem-20260902-ios-0040,ios,P3,LIFESTYLE,Experience,P3:Experience,ACTIVE,qa.tile.experience,personal.income.amount,personal.income.note,personal.income.submit,,Shopping,MAESTRO-IOS-PERSONAL-LIFESTYLE-0040 | Shopping | 8933.08,JOINED_REVIEW,No Expense hub on P3; lifestyle spend uses Experience proxy — REVIEW
41,MTR-IOS-0041,Group,Shared Experience,Wedding,Other,Expense,2025-10-26,13:47:32,2025-10-26 13:47:32,18392.39,INR,-18392.39,IOS Aarav,3,PERCENTAGE,MAESTRO-IOS-GROUP-WEDDING-0041 | Other | 18392.39,iPhone,B01,BASELINE_1_500,CREATED,idem-20260902-ios-0041,ios,G02,WEDDING,Expense,G02:Expense,ACTIVE,qa.tile.expense,group.expense.amount,group.expense.note,group.expense.submit,group.expense.split.percentage,Other,MAESTRO-IOS-GROUP-WEDDING-0041 | Other | 18392.39,JOINED,Ledger Quick_Add is expense category; Split_Method drives group.expense.split.*
42,MTR-IOS-0042,Business,Business,Business Operations,Software,Expense,2026-04-15,13:34:21,2026-04-15 13:34:21,31212.26,INR,-31212.26,IOS Owner,,,MAESTRO-IOS-BUSINESS-BUSINESS_OPERATIONS-0042 | Software | 31212.26,iPhone,B01,BASELINE_1_500,CREATED,idem-20260902-ios-0042,ios,B03,BUSINESS_OPERATIONS,Spend Entry,B03:Spend Entry,ACTIVE,,business.expense.amount,business.expense.note,business.expense.submit,,Software,MAESTRO-IOS-BUSINESS-BUSINESS_OPERATIONS-0042 | Software | 31212.26,JOINED,Ops Log Spend Entry; amount ID business.expense.amount
43,MTR-IOS-0043,Personal,Personal,Lifestyle,Entertainment,Expense,2025-12-07,04:36:53,2025-12-07 04:36:53,3405.74,INR,-3405.74,IOS Owner,,,MAESTRO-IOS-PERSONAL-LIFESTYLE-0043 | Entertainment | 3405.74,iPhone,B01,BASELINE_1_500,CREATED,idem-20260902-ios-0043,ios,P3,LIFESTYLE,Experience,P3:Experience,ACTIVE,qa.tile.experience,personal.income.amount,personal.income.note,personal.income.submit,,Entertainment,MAESTRO-IOS-PERSONAL-LIFESTYLE-0043 | Entertainment | 3405.74,JOINED_REVIEW,No Expense hub on P3; lifestyle spend uses Experience proxy — REVIEW
44,MTR-IOS-0044,Group,Shared Experience,Office Outing,Food,Expense,2026-05-16,04:50:46,2026-05-16 04:50:46,24075.67,INR,-24075.67,IOS Meera,3,EXACT,MAESTRO-IOS-GROUP-OFFICE_OUTING-0044 | Food | 24075.67,iPhone,B01,BASELINE_1_500,CREATED,idem-20260902-ios-0044,ios,G04,OFFICE_OUTING,Expense,G04:Expense,ACTIVE,qa.tile.expense,group.expense.amount,group.expense.note,group.expense.submit,group.expense.split.exact,Food,MAESTRO-IOS-GROUP-OFFICE_OUTING-0044 | Food | 24075.67,JOINED,Ledger Quick_Add is expense category; Split_Method drives group.expense.split.*
45,MTR-IOS-0045,Business,Business,Business Operations,Rent,Expense,2026-02-01,18:14:19,2026-02-01 18:14:19,115020.15,INR,-115020.15,IOS Owner,,,MAESTRO-IOS-BUSINESS-BUSINESS_OPERATIONS-0045 | Rent | 115020.15,iPhone,B01,BASELINE_1_500,CREATED,idem-20260902-ios-0045,ios,B03,BUSINESS_OPERATIONS,Spend Entry,B03:Spend Entry,ACTIVE,,business.expense.amount,business.expense.note,business.expense.submit,,Rent,MAESTRO-IOS-BUSINESS-BUSINESS_OPERATIONS-0045 | Rent | 115020.15,JOINED,Ops Log Spend Entry; amount ID business.expense.amount
46,MTR-IOS-0046,Personal,Personal,Lifestyle,Travel,Expense,2026-05-24,01:04:42,2026-05-24 01:04:42,2690.2,INR,-2690.2,IOS Owner,,,MAESTRO-IOS-PERSONAL-LIFESTYLE-0046 | Travel | 2690.20,iPhone,B01,BASELINE_1_500,CREATED,idem-20260902-ios-0046,ios,P3,LIFESTYLE,Experience,P3:Experience,ACTIVE,qa.tile.experience,personal.income.amount,personal.income.note,personal.income.submit,,Travel,MAESTRO-IOS-PERSONAL-LIFESTYLE-0046 | Travel | 2690.20,JOINED_REVIEW,No Expense hub on P3; lifestyle spend uses Experience proxy — REVIEW
47,MTR-IOS-0047,Group,Shared Experience,Office Outing,Travel,Expense,2026-06-29,09:31:51,2026-06-29 09:31:51,26939.54,INR,-26939.54,IOS Owner,3,SHARES,MAESTRO-IOS-GROUP-OFFICE_OUTING-0047 | Travel | 26939.54,iPhone,B01,BASELINE_1_500,CREATED,idem-20260902-ios-0047,ios,G04,OFFICE_OUTING,Expense,G04:Expense,ACTIVE,qa.tile.expense,group.expense.amount,group.expense.note,group.expense.submit,group.expense.split.shares,Travel,MAESTRO-IOS-GROUP-OFFICE_OUTING-0047 | Travel | 26939.54,JOINED,Ledger Quick_Add is expense category; Split_Method drives group.expense.split.*
48,MTR-IOS-0048,Business,Business,Business Operations,Marketing,Expense,2026-03-11,09:51:36,2026-03-11 09:51:36,13101.49,INR,-13101.49,IOS Owner,,,MAESTRO-IOS-BUSINESS-BUSINESS_OPERATIONS-0048 | Marketing | 13101.49,iPhone,B01,BASELINE_1_500,CREATED,idem-20260902-ios-0048,ios,B03,BUSINESS_OPERATIONS,Spend Entry,B03:Spend Entry,ACTIVE,,business.expense.amount,business.expense.note,business.expense.submit,,Marketing,MAESTRO-IOS-BUSINESS-BUSINESS_OPERATIONS-0048 | Marketing | 13101.49,JOINED,Ops Log Spend Entry; amount ID business.expense.amount
49,MTR-IOS-0049,Personal,Personal,Lifestyle,Fitness,Expense,2026-06-15,19:33:03,2026-06-15 19:33:03,11242.4,INR,-11242.4,IOS Owner,,,MAESTRO-IOS-PERSONAL-LIFESTYLE-0049 | Fitness | 11242.40,iPhone,B01,BASELINE_1_500,CREATED,idem-20260902-ios-0049,ios,P3,LIFESTYLE,Experience,P3:Experience,ACTIVE,qa.tile.experience,personal.income.amount,personal.income.note,personal.income.submit,,Fitness,MAESTRO-IOS-PERSONAL-LIFESTYLE-0049 | Fitness | 11242.40,JOINED_REVIEW,No Expense hub on P3; lifestyle spend uses Experience proxy — REVIEW
50,MTR-IOS-0050,Group,Shared Experience,Office Outing,Activities,Expense,2026-05-07,18:51:27,2026-05-07 18:51:27,23929.09,INR,-23929.09,IOS Aarav,3,EQUAL,MAESTRO-IOS-GROUP-OFFICE_OUTING-0050 | Activities | 23929.09,iPhone,B01,BASELINE_1_500,CREATED,idem-20260902-ios-0050,ios,G04,OFFICE_OUTING,Expense,G04:Expense,ACTIVE,qa.tile.expense,group.expense.amount,group.expense.note,group.expense.submit,group.expense.split.equal,Activities,MAESTRO-IOS-GROUP-OFFICE_OUTING-0050 | Activities | 23929.09,JOINED,Ledger Quick_Add is expense category; Split_Method drives group.expense.split.*
51,MTR-IOS-0051,Business,Business,Business Operations,Legal,Expense,2026-05-02,08:30:40,2026-05-02 08:30:40,129560.87,INR,-129560.87,IOS Owner,,,MAESTRO-IOS-BUSINESS-BUSINESS_OPERATIONS-0051 | Legal | 129560.87,iPhone,B02,BASELINE_1_500,CREATED,idem-20260902-ios-0051,ios,B03,BUSINESS_OPERATIONS,Spend Entry,B03:Spend Entry,ACTIVE,,business.expense.amount,business.expense.note,business.expense.submit,,Legal,MAESTRO-IOS-BUSINESS-BUSINESS_OPERATIONS-0051 | Legal | 129560.87,JOINED,Ops Log Spend Entry; amount ID business.expense.amount
52,MTR-IOS-0052,Personal,Personal,Lifestyle,Hobbies,Expense,2026-04-13,00:36:48,2026-04-13 00:36:48,12569.92,INR,-12569.92,IOS Owner,,,MAESTRO-IOS-PERSONAL-LIFESTYLE-0052 | Hobbies | 12569.92,iPhone,B02,BASELINE_1_500,CREATED,idem-20260902-ios-0052,ios,P3,LIFESTYLE,Experience,P3:Experience,ACTIVE,qa.tile.experience,personal.income.amount,personal.income.note,personal.income.submit,,Hobbies,MAESTRO-IOS-PERSONAL-LIFESTYLE-0052 | Hobbies | 12569.92,JOINED_REVIEW,No Expense hub on P3; lifestyle spend uses Experience proxy — REVIEW
53,MTR-IOS-0053,Group,Shared Experience,Office Outing,Venue,Expense,2026-08-13,01:11:13,2026-08-13 01:11:13,4138.0,INR,-4138.0,IOS Meera,3,PERCENTAGE,MAESTRO-IOS-GROUP-OFFICE_OUTING-0053 | Venue | 4138.00,iPhone,B02,BASELINE_1_500,CREATED,idem-20260902-ios-0053,ios,G04,OFFICE_OUTING,Expense,G04:Expense,ACTIVE,qa.tile.expense,group.expense.amount,group.expense.note,group.expense.submit,group.expense.split.percentage,Venue,MAESTRO-IOS-GROUP-OFFICE_OUTING-0053 | Venue | 4138.00,JOINED,Ledger Quick_Add is expense category; Split_Method drives group.expense.split.*
54,MTR-IOS-0054,Business,Business,Business Operations,Accounting,Expense,2026-02-11,21:57:02,2026-02-11 21:57:02,56575.85,INR,-56575.85,IOS Owner,,,MAESTRO-IOS-BUSINESS-BUSINESS_OPERATIONS-0054 | Accounting | 56575.85,iPhone,B02,BASELINE_1_500,CREATED,idem-20260902-ios-0054,ios,B03,BUSINESS_OPERATIONS,Spend Entry,B03:Spend Entry,ACTIVE,,business.expense.amount,business.expense.note,business.expense.submit,,Accounting,MAESTRO-IOS-BUSINESS-BUSINESS_OPERATIONS-0054 | Accounting | 56575.85,JOINED,Ops Log Spend Entry; amount ID business.expense.amount
55,MTR-IOS-0055,Personal,Personal,Relationships,Gifts,Expense,2025-12-06,17:47:44,2025-12-06 17:47:44,11894.24,INR,-11894.24,IOS Owner,,,MAESTRO-IOS-PERSONAL-RELATIONSHIPS-0055 | Gifts | 11894.24,iPhone,B02,BASELINE_1_500,CREATED,idem-20260902-ios-0055,ios,P4,RELATIONSHIP_CONNECTION,Shared Exp,P4:Shared Exp,ACTIVE,qa.tile.shared_exp,personal.income.amount,personal.income.note,personal.income.submit,,Gifts,MAESTRO-IOS-PERSONAL-RELATIONSHIPS-0055 | Gifts | 11894.24,JOINED_REVIEW,Relationship spend categories use Shared Exp proxy — REVIEW
56,MTR-IOS-0056,Group,Shared Experience,Office Outing,Other,Expense,2026-01-28,19:37:42,2026-01-28 19:37:42,2675.67,INR,-2675.67,IOS Owner,3,EXACT,MAESTRO-IOS-GROUP-OFFICE_OUTING-0056 | Other | 2675.67,iPhone,B02,BASELINE_1_500,CREATED,idem-20260902-ios-0056,ios,G04,OFFICE_OUTING,Expense,G04:Expense,ACTIVE,qa.tile.expense,group.expense.amount,group.expense.note,group.expense.submit,group.expense.split.exact,Other,MAESTRO-IOS-GROUP-OFFICE_OUTING-0056 | Other | 2675.67,JOINED,Ledger Quick_Add is expense category; Split_Method drives group.expense.split.*
57,MTR-IOS-0057,Business,Business,Business Operations,Equipment,Expense,2026-04-07,20:42:09,2026-04-07 20:42:09,133277.16,INR,-133277.16,IOS Owner,,,MAESTRO-IOS-BUSINESS-BUSINESS_OPERATIONS-0057 | Equipment | 133277.16,iPhone,B02,BASELINE_1_500,CREATED,idem-20260902-ios-0057,ios,B03,BUSINESS_OPERATIONS,Spend Entry,B03:Spend Entry,ACTIVE,,business.expense.amount,business.expense.note,business.expense.submit,,Equipment,MAESTRO-IOS-BUSINESS-BUSINESS_OPERATIONS-0057 | Equipment | 133277.16,JOINED,Ops Log Spend Entry; amount ID business.expense.amount
58,MTR-IOS-0058,Personal,Personal,Relationships,Dates,Expense,2026-03-17,23:28:00,2026-03-17 23:28:00,9526.28,INR,-9526.28,IOS Owner,,,MAESTRO-IOS-PERSONAL-RELATIONSHIPS-0058 | Dates | 9526.28,iPhone,B02,BASELINE_1_500,CREATED,idem-20260902-ios-0058,ios,P4,RELATIONSHIP_CONNECTION,Shared Exp,P4:Shared Exp,ACTIVE,qa.tile.shared_exp,personal.income.amount,personal.income.note,personal.income.submit,,Dates,MAESTRO-IOS-PERSONAL-RELATIONSHIPS-0058 | Dates | 9526.28,JOINED_REVIEW,Relationship spend categories use Shared Exp proxy — REVIEW
59,MTR-IOS-0059,Group,Shared Experience,House Party,Food,Expense,2026-03-02,00:23:06,2026-03-02 00:23:06,645.28,INR,-645.28,IOS Aarav,3,SHARES,MAESTRO-IOS-GROUP-HOUSE_PARTY-0059 | Food | 645.28,iPhone,B02,BASELINE_1_500,CREATED,idem-20260902-ios-0059,ios,G03,HOUSE_PARTY,Expense,G03:Expense,ACTIVE,qa.tile.expense,group.expense.amount,group.expense.note,group.expense.submit,group.expense.split.shares,Food,MAESTRO-IOS-GROUP-HOUSE_PARTY-0059 | Food | 645.28,JOINED,Ledger Quick_Add is expense category; Split_Method drives group.expense.split.*
60,MTR-IOS-0060,Business,Business,Business Operations,Vendor,Expense,2025-11-13,07:17:40,2025-11-13 07:17:40,56257.61,INR,-56257.61,IOS Owner,,,MAESTRO-IOS-BUSINESS-BUSINESS_OPERATIONS-0060 | Vendor | 56257.61,iPhone,B02,BASELINE_1_500,CREATED,idem-20260902-ios-0060,ios,B03,BUSINESS_OPERATIONS,Spend Entry,B03:Spend Entry,ACTIVE,,business.expense.amount,business.expense.note,business.expense.submit,,Vendor,MAESTRO-IOS-BUSINESS-BUSINESS_OPERATIONS-0060 | Vendor | 56257.61,JOINED,Ops Log Spend Entry; amount ID business.expense.amount
61,MTR-IOS-0061,Personal,Personal,Relationships,Family,Expense,2025-12-08,04:04:37,2025-12-08 04:04:37,15808.23,INR,-15808.23,IOS Owner,,,MAESTRO-IOS-PERSONAL-RELATIONSHIPS-0061 | Family | 15808.23,iPhone,B02,BASELINE_1_500,CREATED,idem-20260902-ios-0061,ios,P4,RELATIONSHIP_CONNECTION,Shared Exp,P4:Shared Exp,ACTIVE,qa.tile.shared_exp,personal.income.amount,personal.income.note,personal.income.submit,,Family,MAESTRO-IOS-PERSONAL-RELATIONSHIPS-0061 | Family | 15808.23,JOINED_REVIEW,Relationship spend categories use Shared Exp proxy — REVIEW
62,MTR-IOS-0062,Group,Shared Experience,House Party,Drinks,Expense,2026-03-20,09:39:48,2026-03-20 09:39:48,16257.19,INR,-16257.19,IOS Meera,3,EQUAL,MAESTRO-IOS-GROUP-HOUSE_PARTY-0062 | Drinks | 16257.19,iPhone,B02,BASELINE_1_500,CREATED,idem-20260902-ios-0062,ios,G03,HOUSE_PARTY,Expense,G03:Expense,ACTIVE,qa.tile.expense,group.expense.amount,group.expense.note,group.expense.submit,group.expense.split.equal,Drinks,MAESTRO-IOS-GROUP-HOUSE_PARTY-0062 | Drinks | 16257.19,JOINED,Ledger Quick_Add is expense category; Split_Method drives group.expense.split.*
63,MTR-IOS-0063,Business,Business,Business Operations,Tax,Expense,2026-04-08,16:29:47,2026-04-08 16:29:47,139365.36,INR,-139365.36,IOS Owner,,,MAESTRO-IOS-BUSINESS-BUSINESS_OPERATIONS-0063 | Tax | 139365.36,iPhone,B02,BASELINE_1_500,CREATED,idem-20260902-ios-0063,ios,B03,BUSINESS_OPERATIONS,Spend Entry,B03:Spend Entry,ACTIVE,,business.expense.amount,business.expense.note,business.expense.submit,,Tax,MAESTRO-IOS-BUSINESS-BUSINESS_OPERATIONS-0063 | Tax | 139365.36,JOINED,Ops Log Spend Entry; amount ID business.expense.amount
64,MTR-IOS-0064,Personal,Personal,Relationships,Friends,Expense,2025-10-31,19:21:55,2025-10-31 19:21:55,14580.17,INR,-14580.17,IOS Owner,,,MAESTRO-IOS-PERSONAL-RELATIONSHIPS-0064 | Friends | 14580.17,iPhone,B02,BASELINE_1_500,CREATED,idem-20260902-ios-0064,ios,P4,RELATIONSHIP_CONNECTION,Shared Exp,P4:Shared Exp,ACTIVE,qa.tile.shared_exp,personal.income.amount,personal.income.note,personal.income.submit,,Friends,MAESTRO-IOS-PERSONAL-RELATIONSHIPS-0064 | Friends | 14580.17,JOINED_REVIEW,Relationship spend categories use Shared Exp proxy — REVIEW
65,MTR-IOS-0065,Group,Shared Experience,House Party,Decor,Expense,2026-04-30,08:28:10,2026-04-30 08:28:10,6500.81,INR,-6500.81,IOS Owner,3,PERCENTAGE,MAESTRO-IOS-GROUP-HOUSE_PARTY-0065 | Decor | 6500.81,iPhone,B02,BASELINE_1_500,CREATED,idem-20260902-ios-0065,ios,G03,HOUSE_PARTY,Expense,G03:Expense,ACTIVE,qa.tile.expense,group.expense.amount,group.expense.note,group.expense.submit,group.expense.split.percentage,Decor,MAESTRO-IOS-GROUP-HOUSE_PARTY-0065 | Decor | 6500.81,JOINED,Ledger Quick_Add is expense category; Split_Method drives group.expense.split.*
66,MTR-IOS-0066,Business,Business,Team Operations,Payroll,Expense,2026-08-28,16:54:37,2026-08-28 16:54:37,113953.26,INR,-113953.26,IOS Owner,,,MAESTRO-IOS-BUSINESS-TEAM_OPERATIONS-0066 | Payroll | 113953.26,iPhone,B02,BASELINE_1_500,CREATED,idem-20260902-ios-0066,ios,B01,TEAM_OPERATIONS,Team Update,B01:Team Update,ACTIVE,,business.expense.amount,business.expense.note,business.expense.submit,,Payroll,MAESTRO-IOS-BUSINESS-TEAM_OPERATIONS-0066 | Payroll | 113953.26,JOINED,Team Ops hub has no Expense; Team meal/travel etc. use Team Update until Spend path wired — prefer B03 Spend for ops expenses
67,MTR-IOS-0067,Personal,Personal,Relationships,Celebrations,Expense,2026-01-22,02:50:04,2026-01-22 02:50:04,9094.31,INR,-9094.31,IOS Owner,,,MAESTRO-IOS-PERSONAL-RELATIONSHIPS-0067 | Celebrations | 9094.31,iPhone,B02,BASELINE_1_500,CREATED,idem-20260902-ios-0067,ios,P4,RELATIONSHIP_CONNECTION,Shared Exp,P4:Shared Exp,ACTIVE,qa.tile.shared_exp,personal.income.amount,personal.income.note,personal.income.submit,,Celebrations,MAESTRO-IOS-PERSONAL-RELATIONSHIPS-0067 | Celebrations | 9094.31,JOINED_REVIEW,Relationship spend categories use Shared Exp proxy — REVIEW
68,MTR-IOS-0068,Group,Shared Experience,House Party,Supplies,Expense,2025-09-04,03:21:24,2025-09-04 03:21:24,12595.83,INR,-12595.83,IOS Aarav,3,EXACT,MAESTRO-IOS-GROUP-HOUSE_PARTY-0068 | Supplies | 12595.83,iPhone,B02,BASELINE_1_500,CREATED,idem-20260902-ios-0068,ios,G03,HOUSE_PARTY,Expense,G03:Expense,ACTIVE,qa.tile.expense,group.expense.amount,group.expense.note,group.expense.submit,group.expense.split.exact,Supplies,MAESTRO-IOS-GROUP-HOUSE_PARTY-0068 | Supplies | 12595.83,JOINED,Ledger Quick_Add is expense category; Split_Method drives group.expense.split.*
69,MTR-IOS-0069,Business,Business,Team Operations,Contractor,Expense,2026-05-20,08:08:58,2026-05-20 08:08:58,136731.74,INR,-136731.74,IOS Owner,,,MAESTRO-IOS-BUSINESS-TEAM_OPERATIONS-0069 | Contractor | 136731.74,iPhone,B02,BASELINE_1_500,CREATED,idem-20260902-ios-0069,ios,B01,TEAM_OPERATIONS,Team Update,B01:Team Update,ACTIVE,,business.expense.amount,business.expense.note,business.expense.submit,,Contractor,MAESTRO-IOS-BUSINESS-TEAM_OPERATIONS-0069 | Contractor | 136731.74,JOINED,Team Ops hub has no Expense; Team meal/travel etc. use Team Update until Spend path wired — prefer B03 Spend for ops expenses
70,MTR-IOS-0070,Personal,Personal,Life Operations,Groceries,Expense,2026-04-27,06:43:45,2026-04-27 06:43:45,1050.87,INR,-1050.87,IOS Owner,,,MAESTRO-IOS-PERSONAL-LIFE_OPERATIONS-0070 | Groceries | 1050.87,iPhone,B02,BASELINE_1_500,CREATED,idem-20260902-ios-0070,ios,P1,LIFE_RHYTHM,Income,P1:Income,ACTIVE,qa.tile.income,personal.income.amount,personal.income.note,personal.income.submit,,Groceries,MAESTRO-IOS-PERSONAL-LIFE_OPERATIONS-0070 | Groceries | 1050.87,JOINED,Ledger category → money form; Android hub Income / iOS Expense label drift
71,MTR-IOS-0071,Group,Shared Experience,House Party,Other,Expense,2026-08-01,15:48:31,2026-08-01 15:48:31,22932.1,INR,-22932.1,IOS Meera,3,SHARES,MAESTRO-IOS-GROUP-HOUSE_PARTY-0071 | Other | 22932.10,iPhone,B02,BASELINE_1_500,CREATED,idem-20260902-ios-0071,ios,G03,HOUSE_PARTY,Expense,G03:Expense,ACTIVE,qa.tile.expense,group.expense.amount,group.expense.note,group.expense.submit,group.expense.split.shares,Other,MAESTRO-IOS-GROUP-HOUSE_PARTY-0071 | Other | 22932.10,JOINED,Ledger Quick_Add is expense category; Split_Method drives group.expense.split.*
72,MTR-IOS-0072,Business,Business,Team Operations,Hiring,Expense,2026-04-19,13:52:49,2026-04-19 13:52:49,101440.72,INR,-101440.72,IOS Owner,,,MAESTRO-IOS-BUSINESS-TEAM_OPERATIONS-0072 | Hiring | 101440.72,iPhone,B02,BASELINE_1_500,CREATED,idem-20260902-ios-0072,ios,B01,TEAM_OPERATIONS,Team Update,B01:Team Update,ACTIVE,,business.expense.amount,business.expense.note,business.expense.submit,,Hiring,MAESTRO-IOS-BUSINESS-TEAM_OPERATIONS-0072 | Hiring | 101440.72,JOINED,Team Ops hub has no Expense; Team meal/travel etc. use Team Update until Spend path wired — prefer B03 Spend for ops expenses
73,MTR-IOS-0073,Personal,Personal,Life Operations,Rent,Expense,2026-08-03,17:48:39,2026-08-03 17:48:39,2637.28,INR,-2637.28,IOS Owner,,,MAESTRO-IOS-PERSONAL-LIFE_OPERATIONS-0073 | Rent | 2637.28,iPhone,B02,BASELINE_1_500,CREATED,idem-20260902-ios-0073,ios,P1,LIFE_RHYTHM,Income,P1:Income,ACTIVE,qa.tile.income,personal.income.amount,personal.income.note,personal.income.submit,,Rent,MAESTRO-IOS-PERSONAL-LIFE_OPERATIONS-0073 | Rent | 2637.28,JOINED,Ledger category → money form; Android hub Income / iOS Expense label drift
74,MTR-IOS-0074,Group,Shared Purchase,Gift Pool,Contribution,Contribution,2026-08-26,08:31:00,2026-08-26 08:31:00,99.99,INR,99.99,IOS Owner,3,EQUAL,MAESTRO-IOS-GROUP-GIFT_POOL-0074 | Contribution | 99.99,iPhone,B02,BASELINE_1_500,CREATED,idem-20260902-ios-0074,ios,G05,GIFT_POOL,Contribute,G05:Contribute,ACTIVE,qa.tile.contribute,group.contribute.amount,group.contribute.note,group.contribute.submit,group.expense.split.equal,Contribution,MAESTRO-IOS-GROUP-GIFT_POOL-0074 | Contribution | 99.99,JOINED,
75,MTR-IOS-0075,Business,Business,Team Operations,Team Meal,Expense,2026-05-06,09:23:33,2026-05-06 09:23:33,31526.73,INR,-31526.73,IOS Owner,,,MAESTRO-IOS-BUSINESS-TEAM_OPERATIONS-0075 | Team Meal | 31526.73,iPhone,B02,BASELINE_1_500,CREATED,idem-20260902-ios-0075,ios,B01,TEAM_OPERATIONS,Team Update,B01:Team Update,ACTIVE,,business.expense.amount,business.expense.note,business.expense.submit,,Team Meal,MAESTRO-IOS-BUSINESS-TEAM_OPERATIONS-0075 | Team Meal | 31526.73,JOINED,Team Ops hub has no Expense; Team meal/travel etc. use Team Update until Spend path wired — prefer B03 Spend for ops expenses
76,MTR-IOS-0076,Personal,Personal,Life Operations,Bills,Expense,2026-04-20,06:13:46,2026-04-20 06:13:46,12479.77,INR,-12479.77,IOS Owner,,,MAESTRO-IOS-PERSONAL-LIFE_OPERATIONS-0076 | Bills | 12479.77,iPhone,B02,BASELINE_1_500,CREATED,idem-20260902-ios-0076,ios,P1,LIFE_RHYTHM,Income,P1:Income,ACTIVE,qa.tile.income,personal.income.amount,personal.income.note,personal.income.submit,,Bills,MAESTRO-IOS-PERSONAL-LIFE_OPERATIONS-0076 | Bills | 12479.77,JOINED,Ledger category → money form; Android hub Income / iOS Expense label drift
77,MTR-IOS-0077,Group,Shared Purchase,Gift Pool,Gift Purchase,Expense,2025-10-22,21:55:33,2025-10-22 21:55:33,10652.95,INR,-10652.95,IOS Aarav,3,PERCENTAGE,MAESTRO-IOS-GROUP-GIFT_POOL-0077 | Gift Purchase | 10652.95,iPhone,B02,BASELINE_1_500,CREATED,idem-20260902-ios-0077,ios,G05,GIFT_POOL,Expense,G05:Expense,ACTIVE,qa.tile.expense,group.expense.amount,group.expense.note,group.expense.submit,group.expense.split.percentage,Gift Purchase,MAESTRO-IOS-GROUP-GIFT_POOL-0077 | Gift Purchase | 10652.95,JOINED,Ledger Quick_Add is expense category; Split_Method drives group.expense.split.*
78,MTR-IOS-0078,Business,Business,Team Operations,Travel,Expense,2026-02-19,19:51:07,2026-02-19 19:51:07,122605.77,INR,-122605.77,IOS Owner,,,MAESTRO-IOS-BUSINESS-TEAM_OPERATIONS-0078 | Travel | 122605.77,iPhone,B02,BASELINE_1_500,CREATED,idem-20260902-ios-0078,ios,B01,TEAM_OPERATIONS,Team Update,B01:Team Update,ACTIVE,,business.expense.amount,business.expense.note,business.expense.submit,,Travel,MAESTRO-IOS-BUSINESS-TEAM_OPERATIONS-0078 | Travel | 122605.77,JOINED,Team Ops hub has no Expense; Team meal/travel etc. use Team Update until Spend path wired — prefer B03 Spend for ops expenses
79,MTR-IOS-0079,Personal,Personal,Life Operations,Transport,Expense,2026-08-21,08:44:49,2026-08-21 08:44:49,7262.27,INR,-7262.27,IOS Owner,,,MAESTRO-IOS-PERSONAL-LIFE_OPERATIONS-0079 | Transport | 7262.27,iPhone,B02,BASELINE_1_500,CREATED,idem-20260902-ios-0079,ios,P1,LIFE_RHYTHM,Income,P1:Income,ACTIVE,qa.tile.income,personal.income.amount,personal.income.note,personal.income.submit,,Transport,MAESTRO-IOS-PERSONAL-LIFE_OPERATIONS-0079 | Transport | 7262.27,JOINED,Ledger category → money form; Android hub Income / iOS Expense label drift
80,MTR-IOS-0080,Group,Shared Purchase,Gift Pool,Delivery,Expense,2026-02-22,18:44:03,2026-02-22 18:44:03,5391.57,INR,-5391.57,IOS Meera,3,EXACT,MAESTRO-IOS-GROUP-GIFT_POOL-0080 | Delivery | 5391.57,iPhone,B02,BASELINE_1_500,CREATED,idem-20260902-ios-0080,ios,G05,GIFT_POOL,Expense,G05:Expense,ACTIVE,qa.tile.expense,group.expense.amount,group.expense.note,group.expense.submit,group.expense.split.exact,Delivery,MAESTRO-IOS-GROUP-GIFT_POOL-0080 | Delivery | 5391.57,JOINED,Ledger Quick_Add is expense category; Split_Method drives group.expense.split.*
81,MTR-IOS-0081,Business,Business,Team Operations,Training,Expense,2025-12-31,20:08:42,2025-12-31 20:08:42,91592.45,INR,-91592.45,IOS Owner,,,MAESTRO-IOS-BUSINESS-TEAM_OPERATIONS-0081 | Training | 91592.45,iPhone,B02,BASELINE_1_500,CREATED,idem-20260902-ios-0081,ios,B01,TEAM_OPERATIONS,Team Update,B01:Team Update,ACTIVE,,business.expense.amount,business.expense.note,business.expense.submit,,Training,MAESTRO-IOS-BUSINESS-TEAM_OPERATIONS-0081 | Training | 91592.45,JOINED,Team Ops hub has no Expense; Team meal/travel etc. use Team Update until Spend path wired — prefer B03 Spend for ops expenses
82,MTR-IOS-0082,Personal,Personal,Life Operations,Healthcare,Expense,2025-10-15,21:12:15,2025-10-15 21:12:15,16572.13,INR,-16572.13,IOS Owner,,,MAESTRO-IOS-PERSONAL-LIFE_OPERATIONS-0082 | Healthcare | 16572.13,iPhone,B02,BASELINE_1_500,CREATED,idem-20260902-ios-0082,ios,P1,LIFE_RHYTHM,Income,P1:Income,ACTIVE,qa.tile.income,personal.income.amount,personal.income.note,personal.income.submit,,Healthcare,MAESTRO-IOS-PERSONAL-LIFE_OPERATIONS-0082 | Healthcare | 16572.13,JOINED,Ledger category → money form; Android hub Income / iOS Expense label drift
83,MTR-IOS-0083,Group,Shared Purchase,Gift Pool,Other,Expense,2026-08-14,00:28:05,2026-08-14 00:28:05,22439.56,INR,-22439.56,IOS Owner,3,SHARES,MAESTRO-IOS-GROUP-GIFT_POOL-0083 | Other | 22439.56,iPhone,B02,BASELINE_1_500,CREATED,idem-20260902-ios-0083,ios,G05,GIFT_POOL,Expense,G05:Expense,ACTIVE,qa.tile.expense,group.expense.amount,group.expense.note,group.expense.submit,group.expense.split.shares,Other,MAESTRO-IOS-GROUP-GIFT_POOL-0083 | Other | 22439.56,JOINED,Ledger Quick_Add is expense category; Split_Method drives group.expense.split.*
84,MTR-IOS-0084,Business,Business,Team Operations,Tools,Expense,2025-11-15,10:56:32,2025-11-15 10:56:32,28921.75,INR,-28921.75,IOS Owner,,,MAESTRO-IOS-BUSINESS-TEAM_OPERATIONS-0084 | Tools | 28921.75,iPhone,B02,BASELINE_1_500,CREATED,idem-20260902-ios-0084,ios,B01,TEAM_OPERATIONS,Team Update,B01:Team Update,ACTIVE,,business.expense.amount,business.expense.note,business.expense.submit,,Tools,MAESTRO-IOS-BUSINESS-TEAM_OPERATIONS-0084 | Tools | 28921.75,JOINED,Team Ops hub has no Expense; Team meal/travel etc. use Team Update until Spend path wired — prefer B03 Spend for ops expenses
85,MTR-IOS-0085,Personal,Personal,Life Operations,Subscriptions,Expense,2025-12-01,14:32:19,2025-12-01 14:32:19,888.95,INR,-888.95,IOS Owner,,,MAESTRO-IOS-PERSONAL-LIFE_OPERATIONS-0085 | Subscriptions | 888.95,iPhone,B02,BASELINE_1_500,CREATED,idem-20260902-ios-0085,ios,P1,LIFE_RHYTHM,Income,P1:Income,ACTIVE,qa.tile.income,personal.income.amount,personal.income.note,personal.income.submit,,Subscriptions,MAESTRO-IOS-PERSONAL-LIFE_OPERATIONS-0085 | Subscriptions | 888.95,JOINED,Ledger category → money form; Android hub Income / iOS Expense label drift
86,MTR-IOS-0086,Group,Shared Purchase,Purchase,Item,Expense,2026-05-02,20:36:35,2026-05-02 20:36:35,1987.64,INR,-1987.64,IOS Aarav,3,EQUAL,MAESTRO-IOS-GROUP-PURCHASE-0086 | Item | 1987.64,iPhone,B02,BASELINE_1_500,CREATED,idem-20260902-ios-0086,ios,G06,GROUP_PURCHASE,Expense,G06:Expense,ACTIVE,qa.tile.expense,group.expense.amount,group.expense.note,group.expense.submit,group.expense.split.equal,Item,MAESTRO-IOS-GROUP-PURCHASE-0086 | Item | 1987.64,JOINED,Ledger Quick_Add is expense category; Split_Method drives group.expense.split.*
87,MTR-IOS-0087,Business,Business,Business Runway,Funding,Income,2025-09-24,16:51:55,2025-09-24 16:51:55,106112.85,INR,106112.85,IOS Owner,,,MAESTRO-IOS-BUSINESS-BUSINESS_RUNWAY-0087 | Funding | 106112.85,iPhone,B02,BASELINE_1_500,CREATED,idem-20260902-ios-0087,ios,B02,BUSINESS_RUNWAY,Revenue,B02:Revenue,ACTIVE,qa.tile.revenue,business.revenue.amount,,business.revenue.submit,,Funding,MAESTRO-IOS-BUSINESS-BUSINESS_RUNWAY-0087 | Funding | 106112.85,JOINED,Funding/Investment/Loan/Revenue → Runway Revenue
88,MTR-IOS-0088,Personal,Personal,Life Operations,Repairs,Expense,2025-09-05,00:22:10,2025-09-05 00:22:10,508.87,INR,-508.87,IOS Owner,,,MAESTRO-IOS-PERSONAL-LIFE_OPERATIONS-0088 | Repairs | 508.87,iPhone,B02,BASELINE_1_500,CREATED,idem-20260902-ios-0088,ios,P1,LIFE_RHYTHM,Income,P1:Income,ACTIVE,qa.tile.income,personal.income.amount,personal.income.note,personal.income.submit,,Repairs,MAESTRO-IOS-PERSONAL-LIFE_OPERATIONS-0088 | Repairs | 508.87,JOINED,Ledger category → money form; Android hub Income / iOS Expense label drift
89,MTR-IOS-0089,Group,Shared Purchase,Purchase,Shipping,Expense,2025-12-20,22:49:37,2025-12-20 22:49:37,8397.3,INR,-8397.3,IOS Meera,3,PERCENTAGE,MAESTRO-IOS-GROUP-PURCHASE-0089 | Shipping | 8397.30,iPhone,B02,BASELINE_1_500,CREATED,idem-20260902-ios-0089,ios,G06,GROUP_PURCHASE,Expense,G06:Expense,ACTIVE,qa.tile.expense,group.expense.amount,group.expense.note,group.expense.submit,group.expense.split.percentage,Shipping,MAESTRO-IOS-GROUP-PURCHASE-0089 | Shipping | 8397.30,JOINED,Ledger Quick_Add is expense category; Split_Method drives group.expense.split.*
90,MTR-IOS-0090,Business,Business,Business Runway,Revenue,Income,2026-07-03,11:47:13,2026-07-03 11:47:13,164732.5,INR,164732.5,IOS Owner,,,MAESTRO-IOS-BUSINESS-BUSINESS_RUNWAY-0090 | Revenue | 164732.50,iPhone,B02,BASELINE_1_500,CREATED,idem-20260902-ios-0090,ios,B02,BUSINESS_RUNWAY,Revenue,B02:Revenue,ACTIVE,qa.tile.revenue,business.revenue.amount,,business.revenue.submit,,Revenue,MAESTRO-IOS-BUSINESS-BUSINESS_RUNWAY-0090 | Revenue | 164732.50,JOINED,Funding/Investment/Loan/Revenue → Runway Revenue
91,MTR-IOS-0091,Personal,Personal,Future Building,Savings,Transfer,2026-07-04,16:10:37,2026-07-04 16:10:37,1047.28,INR,0.0,IOS Owner,,,MAESTRO-IOS-PERSONAL-FUTURE_BUILDING-0091 | Savings | 1047.28,iPhone,B02,BASELINE_1_500,CREATED,idem-20260902-ios-0091,ios,P2,FUTURE_GOAL,Progress,P2:Progress,ACTIVE,qa.tile.progress,personal.money.transfer.amount,personal.money.transfer.note,personal.money.transfer.submit,,Savings,MAESTRO-IOS-PERSONAL-FUTURE_BUILDING-0091 | Savings | 1047.28,JOINED_REVIEW,Future Transfer/Savings/Goal Contribution → Progress proxy until P2 money hub exists — REVIEW
92,MTR-IOS-0092,Group,Shared Purchase,Purchase,Tax,Expense,2026-03-16,05:49:09,2026-03-16 05:49:09,22954.16,INR,-22954.16,IOS Owner,3,EXACT,MAESTRO-IOS-GROUP-PURCHASE-0092 | Tax | 22954.16,iPhone,B02,BASELINE_1_500,CREATED,idem-20260902-ios-0092,ios,G06,GROUP_PURCHASE,Expense,G06:Expense,ACTIVE,qa.tile.expense,group.expense.amount,group.expense.note,group.expense.submit,group.expense.split.exact,Tax,MAESTRO-IOS-GROUP-PURCHASE-0092 | Tax | 22954.16,JOINED,Ledger Quick_Add is expense category; Split_Method drives group.expense.split.*
93,MTR-IOS-0093,Business,Business,Business Runway,Burn,Expense,2025-10-10,21:42:20,2025-10-10 21:42:20,87834.75,INR,-87834.75,IOS Owner,,,MAESTRO-IOS-BUSINESS-BUSINESS_RUNWAY-0093 | Burn | 87834.75,iPhone,B02,BASELINE_1_500,CREATED,idem-20260902-ios-0093,ios,B02,BUSINESS_RUNWAY,Expense,B02:Expense,ACTIVE,qa.tile.expense,business.expense.amount,business.expense.note,business.expense.submit,,Burn,MAESTRO-IOS-BUSINESS-BUSINESS_RUNWAY-0093 | Burn | 87834.75,JOINED,Runway Log Expense
94,MTR-IOS-0094,Personal,Personal,Future Building,Emergency Fund,Transfer,2025-12-01,12:21:14,2025-12-01 12:21:14,16467.85,INR,0.0,IOS Owner,,,MAESTRO-IOS-PERSONAL-FUTURE_BUILDING-0094 | Emergency Fund | 16467.85,iPhone,B02,BASELINE_1_500,CREATED,idem-20260902-ios-0094,ios,P2,FUTURE_GOAL,Progress,P2:Progress,ACTIVE,qa.tile.progress,personal.money.transfer.amount,personal.money.transfer.note,personal.money.transfer.submit,,Emergency Fund,MAESTRO-IOS-PERSONAL-FUTURE_BUILDING-0094 | Emergency Fund | 16467.85,JOINED_REVIEW,Future Transfer/Savings/Goal Contribution → Progress proxy until P2 money hub exists — REVIEW
95,MTR-IOS-0095,Group,Shared Purchase,Purchase,Other,Expense,2025-11-24,13:07:06,2025-11-24 13:07:06,25633.17,INR,-25633.17,IOS Aarav,3,SHARES,MAESTRO-IOS-GROUP-PURCHASE-0095 | Other | 25633.17,iPhone,B02,BASELINE_1_500,CREATED,idem-20260902-ios-0095,ios,G06,GROUP_PURCHASE,Expense,G06:Expense,ACTIVE,qa.tile.expense,group.expense.amount,group.expense.note,group.expense.submit,group.expense.split.shares,Other,MAESTRO-IOS-GROUP-PURCHASE-0095 | Other | 25633.17,JOINED,Ledger Quick_Add is expense category; Split_Method drives group.expense.split.*
96,MTR-IOS-0096,Business,Business,Business Runway,Reserve,Transfer,2025-11-08,09:55:51,2025-11-08 09:55:51,91780.94,INR,0.0,IOS Owner,,,MAESTRO-IOS-BUSINESS-BUSINESS_RUNWAY-0096 | Reserve | 91780.94,iPhone,B02,BASELINE_1_500,CREATED,idem-20260902-ios-0096,ios,B02,BUSINESS_RUNWAY,Expense,B02:Expense,ACTIVE,qa.tile.expense,,,,,Reserve,MAESTRO-IOS-BUSINESS-BUSINESS_RUNWAY-0096 | Reserve | 91780.94,JOINED_REVIEW,Reserve transfer → Runway expense/movement proxy — REVIEW
97,MTR-IOS-0097,Personal,Personal,Future Building,Investments,Investment,2026-05-23,03:52:14,2026-05-23 03:52:14,14426.24,INR,0.0,IOS Owner,,,MAESTRO-IOS-PERSONAL-FUTURE_BUILDING-0097 | Investments | 14426.24,iPhone,B02,BASELINE_1_500,CREATED,idem-20260902-ios-0097,ios,P2,FUTURE_GOAL,Opportunity,P2:Opportunity,ACTIVE,qa.tile.opportunity,,,,,Investments,MAESTRO-IOS-PERSONAL-FUTURE_BUILDING-0097 | Investments | 14426.24,JOINED_REVIEW,Future Investments → Opportunity proxy — REVIEW
98,MTR-IOS-0098,Group,Shared Purchase,Assets,Purchase,Expense,2026-05-21,23:59:52,2026-05-21 23:59:52,20917.42,INR,-20917.42,IOS Meera,3,EQUAL,MAESTRO-IOS-GROUP-ASSETS-0098 | Purchase | 20917.42,iPhone,B02,BASELINE_1_500,CREATED,idem-20260902-ios-0098,ios,G07,SHARED_ASSET,Expense,G07:Expense,ACTIVE,qa.tile.expense,group.expense.amount,group.expense.note,group.expense.submit,group.expense.split.equal,Purchase,MAESTRO-IOS-GROUP-ASSETS-0098 | Purchase | 20917.42,JOINED,Ledger Quick_Add is expense category; Split_Method drives group.expense.split.*
99,MTR-IOS-0099,Business,Business,Business Runway,Loan,Income,2026-04-02,19:00:33,2026-04-02 19:00:33,9873.35,INR,9873.35,IOS Owner,,,MAESTRO-IOS-BUSINESS-BUSINESS_RUNWAY-0099 | Loan | 9873.35,iPhone,B02,BASELINE_1_500,CREATED,idem-20260902-ios-0099,ios,B02,BUSINESS_RUNWAY,Revenue,B02:Revenue,ACTIVE,qa.tile.revenue,business.revenue.amount,,business.revenue.submit,,Loan,MAESTRO-IOS-BUSINESS-BUSINESS_RUNWAY-0099 | Loan | 9873.35,JOINED,Funding/Investment/Loan/Revenue → Runway Revenue
100,MTR-IOS-0100,Personal,Personal,Future Building,Education,Expense,2026-05-04,08:08:42,2026-05-04 08:08:42,16161.79,INR,-16161.79,IOS Owner,,,MAESTRO-IOS-PERSONAL-FUTURE_BUILDING-0100 | Education | 16161.79,iPhone,B02,BASELINE_1_500,CREATED,idem-20260902-ios-0100,ios,P2,FUTURE_GOAL,Milestone,P2:Milestone,ACTIVE,qa.tile.milestone,personal.income.amount,personal.income.note,personal.income.submit,,Education,MAESTRO-IOS-PERSONAL-FUTURE_BUILDING-0100 | Education | 16161.79,JOINED_REVIEW,No Expense hub on P2; Education expenses use Milestone as ACTIVE proxy until money tile restored — REVIEW
101,MTR-IOS-0101,Group,Shared Purchase,Assets,Maintenance,Expense,2026-01-12,02:50:52,2026-01-12 02:50:52,21681.29,INR,-21681.29,IOS Owner,3,PERCENTAGE,MAESTRO-IOS-GROUP-ASSETS-0101 | Maintenance | 21681.29,iPhone,B03,BASELINE_1_500,CREATED,idem-20260902-ios-0101,ios,G07,SHARED_ASSET,Expense,G07:Expense,ACTIVE,qa.tile.expense,group.expense.amount,group.expense.note,group.expense.submit,group.expense.split.percentage,Maintenance,MAESTRO-IOS-GROUP-ASSETS-0101 | Maintenance | 21681.29,JOINED,Ledger Quick_Add is expense category; Split_Method drives group.expense.split.*
102,MTR-IOS-0102,Business,Business,Business Runway,Investment,Income,2026-04-30,09:31:22,2026-04-30 09:31:22,148459.45,INR,148459.45,IOS Owner,,,MAESTRO-IOS-BUSINESS-BUSINESS_RUNWAY-0102 | Investment | 148459.45,iPhone,B03,BASELINE_1_500,CREATED,idem-20260902-ios-0102,ios,B02,BUSINESS_RUNWAY,Revenue,B02:Revenue,ACTIVE,qa.tile.revenue,business.revenue.amount,,business.revenue.submit,,Investment,MAESTRO-IOS-BUSINESS-BUSINESS_RUNWAY-0102 | Investment | 148459.45,JOINED,Funding/Investment/Loan/Revenue → Runway Revenue
103,MTR-IOS-0103,Personal,Personal,Future Building,Goal Contribution,Transfer,2025-11-25,22:58:49,2025-11-25 22:58:49,13732.74,INR,0.0,IOS Owner,,,MAESTRO-IOS-PERSONAL-FUTURE_BUILDING-0103 | Goal Contribution | 13732.74,iPhone,B03,BASELINE_1_500,CREATED,idem-20260902-ios-0103,ios,P2,FUTURE_GOAL,Progress,P2:Progress,ACTIVE,qa.tile.progress,personal.money.transfer.amount,personal.money.transfer.note,personal.money.transfer.submit,,Goal Contribution,MAESTRO-IOS-PERSONAL-FUTURE_BUILDING-0103 | Goal Contribution | 13732.74,JOINED_REVIEW,Future Transfer/Savings/Goal Contribution → Progress proxy until P2 money hub exists — REVIEW
104,MTR-IOS-0104,Group,Shared Purchase,Assets,Repair,Expense,2026-04-05,02:18:13,2026-04-05 02:18:13,23860.34,INR,-23860.34,IOS Aarav,3,EXACT,MAESTRO-IOS-GROUP-ASSETS-0104 | Repair | 23860.34,iPhone,B03,BASELINE_1_500,CREATED,idem-20260902-ios-0104,ios,G07,SHARED_ASSET,Expense,G07:Expense,ACTIVE,qa.tile.expense,group.expense.amount,group.expense.note,group.expense.submit,group.expense.split.exact,Repair,MAESTRO-IOS-GROUP-ASSETS-0104 | Repair | 23860.34,JOINED,Ledger Quick_Add is expense category; Split_Method drives group.expense.split.*
105,MTR-IOS-0105,Business,Business,Business Operations,Software,Expense,2025-12-17,05:13:42,2025-12-17 05:13:42,109716.24,INR,-109716.24,IOS Owner,,,MAESTRO-IOS-BUSINESS-BUSINESS_OPERATIONS-0105 | Software | 109716.24,iPhone,B03,BASELINE_1_500,CREATED,idem-20260902-ios-0105,ios,B03,BUSINESS_OPERATIONS,Spend Entry,B03:Spend Entry,ACTIVE,,business.expense.amount,business.expense.note,business.expense.submit,,Software,MAESTRO-IOS-BUSINESS-BUSINESS_OPERATIONS-0105 | Software | 109716.24,JOINED,Ops Log Spend Entry; amount ID business.expense.amount
106,MTR-IOS-0106,Personal,Personal,Lifestyle,Dining,Expense,2026-08-20,03:30:15,2026-08-20 03:30:15,3093.0,INR,-3093.0,IOS Owner,,,MAESTRO-IOS-PERSONAL-LIFESTYLE-0106 | Dining | 3093.00,iPhone,B03,BASELINE_1_500,CREATED,idem-20260902-ios-0106,ios,P3,LIFESTYLE,Experience,P3:Experience,ACTIVE,qa.tile.experience,personal.income.amount,personal.income.note,personal.income.submit,,Dining,MAESTRO-IOS-PERSONAL-LIFESTYLE-0106 | Dining | 3093.00,JOINED_REVIEW,No Expense hub on P3; lifestyle spend uses Experience proxy — REVIEW
107,MTR-IOS-0107,Group,Shared Purchase,Assets,Insurance,Expense,2026-07-06,00:37:40,2026-07-06 00:37:40,16865.3,INR,-16865.3,IOS Meera,3,SHARES,MAESTRO-IOS-GROUP-ASSETS-0107 | Insurance | 16865.30,iPhone,B03,BASELINE_1_500,CREATED,idem-20260902-ios-0107,ios,G07,SHARED_ASSET,Expense,G07:Expense,ACTIVE,qa.tile.expense,group.expense.amount,group.expense.note,group.expense.submit,group.expense.split.shares,Insurance,MAESTRO-IOS-GROUP-ASSETS-0107 | Insurance | 16865.30,JOINED,Ledger Quick_Add is expense category; Split_Method drives group.expense.split.*
108,MTR-IOS-0108,Business,Business,Business Operations,Rent,Expense,2025-11-08,14:53:34,2025-11-08 14:53:34,105825.15,INR,-105825.15,IOS Owner,,,MAESTRO-IOS-BUSINESS-BUSINESS_OPERATIONS-0108 | Rent | 105825.15,iPhone,B03,BASELINE_1_500,CREATED,idem-20260902-ios-0108,ios,B03,BUSINESS_OPERATIONS,Spend Entry,B03:Spend Entry,ACTIVE,,business.expense.amount,business.expense.note,business.expense.submit,,Rent,MAESTRO-IOS-BUSINESS-BUSINESS_OPERATIONS-0108 | Rent | 105825.15,JOINED,Ops Log Spend Entry; amount ID business.expense.amount
109,MTR-IOS-0109,Personal,Personal,Lifestyle,Shopping,Expense,2026-02-09,19:24:12,2026-02-09 19:24:12,16207.58,INR,-16207.58,IOS Owner,,,MAESTRO-IOS-PERSONAL-LIFESTYLE-0109 | Shopping | 16207.58,iPhone,B03,BASELINE_1_500,CREATED,idem-20260902-ios-0109,ios,P3,LIFESTYLE,Experience,P3:Experience,ACTIVE,qa.tile.experience,personal.income.amount,personal.income.note,personal.income.submit,,Shopping,MAESTRO-IOS-PERSONAL-LIFESTYLE-0109 | Shopping | 16207.58,JOINED_REVIEW,No Expense hub on P3; lifestyle spend uses Experience proxy — REVIEW
110,MTR-IOS-0110,Group,Shared Purchase,Assets,Other,Expense,2026-05-15,04:06:46,2026-05-15 04:06:46,2670.61,INR,-2670.61,IOS Owner,3,EQUAL,MAESTRO-IOS-GROUP-ASSETS-0110 | Other | 2670.61,iPhone,B03,BASELINE_1_500,CREATED,idem-20260902-ios-0110,ios,G07,SHARED_ASSET,Expense,G07:Expense,ACTIVE,qa.tile.expense,group.expense.amount,group.expense.note,group.expense.submit,group.expense.split.equal,Other,MAESTRO-IOS-GROUP-ASSETS-0110 | Other | 2670.61,JOINED,Ledger Quick_Add is expense category; Split_Method drives group.expense.split.*
111,MTR-IOS-0111,Business,Business,Business Operations,Marketing,Expense,2026-08-19,05:56:24,2026-08-19 05:56:24,100.0,INR,-100.0,IOS Owner,,,MAESTRO-IOS-BUSINESS-BUSINESS_OPERATIONS-0111 | Marketing | 100.00,iPhone,B03,BASELINE_1_500,CREATED,idem-20260902-ios-0111,ios,B03,BUSINESS_OPERATIONS,Spend Entry,B03:Spend Entry,ACTIVE,,business.expense.amount,business.expense.note,business.expense.submit,,Marketing,MAESTRO-IOS-BUSINESS-BUSINESS_OPERATIONS-0111 | Marketing | 100.00,JOINED,Ops Log Spend Entry; amount ID business.expense.amount
112,MTR-IOS-0112,Personal,Personal,Lifestyle,Entertainment,Expense,2026-03-30,18:54:18,2026-03-30 18:54:18,14904.21,INR,-14904.21,IOS Owner,,,MAESTRO-IOS-PERSONAL-LIFESTYLE-0112 | Entertainment | 14904.21,iPhone,B03,BASELINE_1_500,CREATED,idem-20260902-ios-0112,ios,P3,LIFESTYLE,Experience,P3:Experience,ACTIVE,qa.tile.experience,personal.income.amount,personal.income.note,personal.income.submit,,Entertainment,MAESTRO-IOS-PERSONAL-LIFESTYLE-0112 | Entertainment | 14904.21,JOINED_REVIEW,No Expense hub on P3; lifestyle spend uses Experience proxy — REVIEW
113,MTR-IOS-0113,Group,Shared Purchase,Custom Purchase,Custom Expense,Expense,2026-03-21,10:49:03,2026-03-21 10:49:03,12012.0,INR,-12012.0,IOS Aarav,3,PERCENTAGE,MAESTRO-IOS-GROUP-CUSTOM_PURCHASE-0113 | Custom Expense | 12012.00,iPhone,B03,BASELINE_1_500,CREATED,idem-20260902-ios-0113,ios,G08,COMMUNITY_PURCHASE,Expense,G08:Expense,ACTIVE,qa.tile.expense,group.expense.amount,group.expense.note,group.expense.submit,group.expense.split.percentage,Custom Expense,MAESTRO-IOS-GROUP-CUSTOM_PURCHASE-0113 | Custom Expense | 12012.00,JOINED,Ledger Quick_Add is expense category; Split_Method drives group.expense.split.*
114,MTR-IOS-0114,Business,Business,Business Operations,Legal,Expense,2026-02-05,15:50:08,2026-02-05 15:50:08,97844.99,INR,-97844.99,IOS Owner,,,MAESTRO-IOS-BUSINESS-BUSINESS_OPERATIONS-0114 | Legal | 97844.99,iPhone,B03,BASELINE_1_500,CREATED,idem-20260902-ios-0114,ios,B03,BUSINESS_OPERATIONS,Spend Entry,B03:Spend Entry,ACTIVE,,business.expense.amount,business.expense.note,business.expense.submit,,Legal,MAESTRO-IOS-BUSINESS-BUSINESS_OPERATIONS-0114 | Legal | 97844.99,JOINED,Ops Log Spend Entry; amount ID business.expense.amount
115,MTR-IOS-0115,Personal,Personal,Lifestyle,Travel,Expense,2026-03-21,10:05:43,2026-03-21 10:05:43,110.04,INR,-110.04,IOS Owner,,,MAESTRO-IOS-PERSONAL-LIFESTYLE-0115 | Travel | 110.04,iPhone,B03,BASELINE_1_500,CREATED,idem-20260902-ios-0115,ios,P3,LIFESTYLE,Experience,P3:Experience,ACTIVE,qa.tile.experience,personal.income.amount,personal.income.note,personal.income.submit,,Travel,MAESTRO-IOS-PERSONAL-LIFESTYLE-0115 | Travel | 110.04,JOINED_REVIEW,No Expense hub on P3; lifestyle spend uses Experience proxy — REVIEW
116,MTR-IOS-0116,Group,Shared Purchase,Custom Purchase,Custom Contribution,Contribution,2026-08-16,09:00:14,2026-08-16 09:00:14,23361.36,INR,23361.36,IOS Meera,3,EXACT,MAESTRO-IOS-GROUP-CUSTOM_PURCHASE-0116 | Custom Contribution | 23361.36,iPhone,B03,BASELINE_1_500,CREATED,idem-20260902-ios-0116,ios,G08,COMMUNITY_PURCHASE,Contribute,G08:Contribute,ACTIVE,qa.tile.contribute,group.contribute.amount,group.contribute.note,group.contribute.submit,group.expense.split.exact,Custom Contribution,MAESTRO-IOS-GROUP-CUSTOM_PURCHASE-0116 | Custom Contribution | 23361.36,JOINED,
117,MTR-IOS-0117,Business,Business,Business Operations,Accounting,Expense,2025-10-14,01:19:58,2025-10-14 01:19:58,12783.36,INR,-12783.36,IOS Owner,,,MAESTRO-IOS-BUSINESS-BUSINESS_OPERATIONS-0117 | Accounting | 12783.36,iPhone,B03,BASELINE_1_500,CREATED,idem-20260902-ios-0117,ios,B03,BUSINESS_OPERATIONS,Spend Entry,B03:Spend Entry,ACTIVE,,business.expense.amount,business.expense.note,business.expense.submit,,Accounting,MAESTRO-IOS-BUSINESS-BUSINESS_OPERATIONS-0117 | Accounting | 12783.36,JOINED,Ops Log Spend Entry; amount ID business.expense.amount
118,MTR-IOS-0118,Personal,Personal,Lifestyle,Fitness,Expense,2025-11-05,07:44:01,2025-11-05 07:44:01,9923.61,INR,-9923.61,IOS Owner,,,MAESTRO-IOS-PERSONAL-LIFESTYLE-0118 | Fitness | 9923.61,iPhone,B03,BASELINE_1_500,CREATED,idem-20260902-ios-0118,ios,P3,LIFESTYLE,Experience,P3:Experience,ACTIVE,qa.tile.experience,personal.income.amount,personal.income.note,personal.income.submit,,Fitness,MAESTRO-IOS-PERSONAL-LIFESTYLE-0118 | Fitness | 9923.61,JOINED_REVIEW,No Expense hub on P3; lifestyle spend uses Experience proxy — REVIEW
119,MTR-IOS-0119,Group,Shared Living,Flatmates,Rent,Expense,2026-04-19,22:02:39,2026-04-19 22:02:39,15229.04,INR,-15229.04,IOS Owner,3,SHARES,MAESTRO-IOS-GROUP-FLATMATES-0119 | Rent | 15229.04,iPhone,B03,BASELINE_1_500,CREATED,idem-20260902-ios-0119,ios,G09,FLATMATES,Expense,G09:Expense,ACTIVE,qa.tile.expense,group.expense.amount,group.expense.note,group.expense.submit,group.expense.split.shares,Rent,MAESTRO-IOS-GROUP-FLATMATES-0119 | Rent | 15229.04,JOINED,Ledger Quick_Add is expense category; Split_Method drives group.expense.split.*
120,MTR-IOS-0120,Business,Business,Business Operations,Equipment,Expense,2026-01-20,07:28:00,2026-01-20 07:28:00,100774.25,INR,-100774.25,IOS Owner,,,MAESTRO-IOS-BUSINESS-BUSINESS_OPERATIONS-0120 | Equipment | 100774.25,iPhone,B03,BASELINE_1_500,CREATED,idem-20260902-ios-0120,ios,B03,BUSINESS_OPERATIONS,Spend Entry,B03:Spend Entry,ACTIVE,,business.expense.amount,business.expense.note,business.expense.submit,,Equipment,MAESTRO-IOS-BUSINESS-BUSINESS_OPERATIONS-0120 | Equipment | 100774.25,JOINED,Ops Log Spend Entry; amount ID business.expense.amount
121,MTR-IOS-0121,Personal,Personal,Lifestyle,Hobbies,Expense,2026-06-19,13:05:33,2026-06-19 13:05:33,7452.91,INR,-7452.91,IOS Owner,,,MAESTRO-IOS-PERSONAL-LIFESTYLE-0121 | Hobbies | 7452.91,iPhone,B03,BASELINE_1_500,CREATED,idem-20260902-ios-0121,ios,P3,LIFESTYLE,Experience,P3:Experience,ACTIVE,qa.tile.experience,personal.income.amount,personal.income.note,personal.income.submit,,Hobbies,MAESTRO-IOS-PERSONAL-LIFESTYLE-0121 | Hobbies | 7452.91,JOINED_REVIEW,No Expense hub on P3; lifestyle spend uses Experience proxy — REVIEW
122,MTR-IOS-0122,Group,Shared Living,Flatmates,Utilities,Expense,2025-09-27,23:26:38,2025-09-27 23:26:38,4951.63,INR,-4951.63,IOS Aarav,3,EQUAL,MAESTRO-IOS-GROUP-FLATMATES-0122 | Utilities | 4951.63,iPhone,B03,BASELINE_1_500,CREATED,idem-20260902-ios-0122,ios,G09,FLATMATES,Expense,G09:Expense,ACTIVE,qa.tile.expense,group.expense.amount,group.expense.note,group.expense.submit,group.expense.split.equal,Utilities,MAESTRO-IOS-GROUP-FLATMATES-0122 | Utilities | 4951.63,JOINED,Ledger Quick_Add is expense category; Split_Method drives group.expense.split.*
123,MTR-IOS-0123,Business,Business,Business Operations,Vendor,Expense,2026-02-14,02:41:08,2026-02-14 02:41:08,95373.75,INR,-95373.75,IOS Owner,,,MAESTRO-IOS-BUSINESS-BUSINESS_OPERATIONS-0123 | Vendor | 95373.75,iPhone,B03,BASELINE_1_500,CREATED,idem-20260902-ios-0123,ios,B03,BUSINESS_OPERATIONS,Spend Entry,B03:Spend Entry,ACTIVE,,business.expense.amount,business.expense.note,business.expense.submit,,Vendor,MAESTRO-IOS-BUSINESS-BUSINESS_OPERATIONS-0123 | Vendor | 95373.75,JOINED,Ops Log Spend Entry; amount ID business.expense.amount
124,MTR-IOS-0124,Personal,Personal,Relationships,Gifts,Expense,2026-08-11,21:41:10,2026-08-11 21:41:10,16450.12,INR,-16450.12,IOS Owner,,,MAESTRO-IOS-PERSONAL-RELATIONSHIPS-0124 | Gifts | 16450.12,iPhone,B03,BASELINE_1_500,CREATED,idem-20260902-ios-0124,ios,P4,RELATIONSHIP_CONNECTION,Shared Exp,P4:Shared Exp,ACTIVE,qa.tile.shared_exp,personal.income.amount,personal.income.note,personal.income.submit,,Gifts,MAESTRO-IOS-PERSONAL-RELATIONSHIPS-0124 | Gifts | 16450.12,JOINED_REVIEW,Relationship spend categories use Shared Exp proxy — REVIEW
125,MTR-IOS-0125,Group,Shared Living,Flatmates,Groceries,Expense,2026-05-19,07:22:52,2026-05-19 07:22:52,6259.59,INR,-6259.59,IOS Meera,3,PERCENTAGE,MAESTRO-IOS-GROUP-FLATMATES-0125 | Groceries | 6259.59,iPhone,B03,BASELINE_1_500,CREATED,idem-20260902-ios-0125,ios,G09,FLATMATES,Expense,G09:Expense,ACTIVE,qa.tile.expense,group.expense.amount,group.expense.note,group.expense.submit,group.expense.split.percentage,Groceries,MAESTRO-IOS-GROUP-FLATMATES-0125 | Groceries | 6259.59,JOINED,Ledger Quick_Add is expense category; Split_Method drives group.expense.split.*
126,MTR-IOS-0126,Business,Business,Business Operations,Tax,Expense,2025-11-20,19:24:30,2025-11-20 19:24:30,147664.79,INR,-147664.79,IOS Owner,,,MAESTRO-IOS-BUSINESS-BUSINESS_OPERATIONS-0126 | Tax | 147664.79,iPhone,B03,BASELINE_1_500,CREATED,idem-20260902-ios-0126,ios,B03,BUSINESS_OPERATIONS,Spend Entry,B03:Spend Entry,ACTIVE,,business.expense.amount,business.expense.note,business.expense.submit,,Tax,MAESTRO-IOS-BUSINESS-BUSINESS_OPERATIONS-0126 | Tax | 147664.79,JOINED,Ops Log Spend Entry; amount ID business.expense.amount
127,MTR-IOS-0127,Personal,Personal,Relationships,Dates,Expense,2026-05-08,18:25:17,2026-05-08 18:25:17,5226.1,INR,-5226.1,IOS Owner,,,MAESTRO-IOS-PERSONAL-RELATIONSHIPS-0127 | Dates | 5226.10,iPhone,B03,BASELINE_1_500,CREATED,idem-20260902-ios-0127,ios,P4,RELATIONSHIP_CONNECTION,Shared Exp,P4:Shared Exp,ACTIVE,qa.tile.shared_exp,personal.income.amount,personal.income.note,personal.income.submit,,Dates,MAESTRO-IOS-PERSONAL-RELATIONSHIPS-0127 | Dates | 5226.10,JOINED_REVIEW,Relationship spend categories use Shared Exp proxy — REVIEW
128,MTR-IOS-0128,Group,Shared Living,Flatmates,Internet,Expense,2025-10-31,20:13:10,2025-10-31 20:13:10,21504.53,INR,-21504.53,IOS Owner,3,EXACT,MAESTRO-IOS-GROUP-FLATMATES-0128 | Internet | 21504.53,iPhone,B03,BASELINE_1_500,CREATED,idem-20260902-ios-0128,ios,G09,FLATMATES,Expense,G09:Expense,ACTIVE,qa.tile.expense,group.expense.amount,group.expense.note,group.expense.submit,group.expense.split.exact,Internet,MAESTRO-IOS-GROUP-FLATMATES-0128 | Internet | 21504.53,JOINED,Ledger Quick_Add is expense category; Split_Method drives group.expense.split.*
129,MTR-IOS-0129,Business,Business,Team Operations,Payroll,Expense,2026-04-18,03:03:17,2026-04-18 03:03:17,145801.42,INR,-145801.42,IOS Owner,,,MAESTRO-IOS-BUSINESS-TEAM_OPERATIONS-0129 | Payroll | 145801.42,iPhone,B03,BASELINE_1_500,CREATED,idem-20260902-ios-0129,ios,B01,TEAM_OPERATIONS,Team Update,B01:Team Update,ACTIVE,,business.expense.amount,business.expense.note,business.expense.submit,,Payroll,MAESTRO-IOS-BUSINESS-TEAM_OPERATIONS-0129 | Payroll | 145801.42,JOINED,Team Ops hub has no Expense; Team meal/travel etc. use Team Update until Spend path wired — prefer B03 Spend for ops expenses
130,MTR-IOS-0130,Personal,Personal,Relationships,Family,Expense,2026-02-10,10:06:13,2026-02-10 10:06:13,3511.53,INR,-3511.53,IOS Owner,,,MAESTRO-IOS-PERSONAL-RELATIONSHIPS-0130 | Family | 3511.53,iPhone,B03,BASELINE_1_500,CREATED,idem-20260902-ios-0130,ios,P4,RELATIONSHIP_CONNECTION,Shared Exp,P4:Shared Exp,ACTIVE,qa.tile.shared_exp,personal.income.amount,personal.income.note,personal.income.submit,,Family,MAESTRO-IOS-PERSONAL-RELATIONSHIPS-0130 | Family | 3511.53,JOINED_REVIEW,Relationship spend categories use Shared Exp proxy — REVIEW
131,MTR-IOS-0131,Group,Shared Living,Flatmates,House Supplies,Expense,2026-04-10,06:35:07,2026-04-10 06:35:07,20374.27,INR,-20374.27,IOS Aarav,3,SHARES,MAESTRO-IOS-GROUP-FLATMATES-0131 | House Supplies | 20374.27,iPhone,B03,BASELINE_1_500,CREATED,idem-20260902-ios-0131,ios,G09,FLATMATES,Expense,G09:Expense,ACTIVE,qa.tile.expense,group.expense.amount,group.expense.note,group.expense.submit,group.expense.split.shares,House Supplies,MAESTRO-IOS-GROUP-FLATMATES-0131 | House Supplies | 20374.27,JOINED,Ledger Quick_Add is expense category; Split_Method drives group.expense.split.*
132,MTR-IOS-0132,Business,Business,Team Operations,Contractor,Expense,2025-10-18,07:54:57,2025-10-18 07:54:57,50810.92,INR,-50810.92,IOS Owner,,,MAESTRO-IOS-BUSINESS-TEAM_OPERATIONS-0132 | Contractor | 50810.92,iPhone,B03,BASELINE_1_500,CREATED,idem-20260902-ios-0132,ios,B01,TEAM_OPERATIONS,Team Update,B01:Team Update,ACTIVE,,business.expense.amount,business.expense.note,business.expense.submit,,Contractor,MAESTRO-IOS-BUSINESS-TEAM_OPERATIONS-0132 | Contractor | 50810.92,JOINED,Team Ops hub has no Expense; Team meal/travel etc. use Team Update until Spend path wired — prefer B03 Spend for ops expenses
133,MTR-IOS-0133,Personal,Personal,Relationships,Friends,Expense,2025-10-29,06:49:05,2025-10-29 06:49:05,5211.63,INR,-5211.63,IOS Owner,,,MAESTRO-IOS-PERSONAL-RELATIONSHIPS-0133 | Friends | 5211.63,iPhone,B03,BASELINE_1_500,CREATED,idem-20260902-ios-0133,ios,P4,RELATIONSHIP_CONNECTION,Shared Exp,P4:Shared Exp,ACTIVE,qa.tile.shared_exp,personal.income.amount,personal.income.note,personal.income.submit,,Friends,MAESTRO-IOS-PERSONAL-RELATIONSHIPS-0133 | Friends | 5211.63,JOINED_REVIEW,Relationship spend categories use Shared Exp proxy — REVIEW
134,MTR-IOS-0134,Group,Shared Living,Flatmates,Repairs,Expense,2026-04-03,09:03:48,2026-04-03 09:03:48,5377.39,INR,-5377.39,IOS Meera,3,EQUAL,MAESTRO-IOS-GROUP-FLATMATES-0134 | Repairs | 5377.39,iPhone,B03,BASELINE_1_500,CREATED,idem-20260902-ios-0134,ios,G09,FLATMATES,Expense,G09:Expense,ACTIVE,qa.tile.expense,group.expense.amount,group.expense.note,group.expense.submit,group.expense.split.equal,Repairs,MAESTRO-IOS-GROUP-FLATMATES-0134 | Repairs | 5377.39,JOINED,Ledger Quick_Add is expense category; Split_Method drives group.expense.split.*
135,MTR-IOS-0135,Business,Business,Team Operations,Hiring,Expense,2025-10-11,10:22:36,2025-10-11 10:22:36,23755.77,INR,-23755.77,IOS Owner,,,MAESTRO-IOS-BUSINESS-TEAM_OPERATIONS-0135 | Hiring | 23755.77,iPhone,B03,BASELINE_1_500,CREATED,idem-20260902-ios-0135,ios,B01,TEAM_OPERATIONS,Team Update,B01:Team Update,ACTIVE,,business.expense.amount,business.expense.note,business.expense.submit,,Hiring,MAESTRO-IOS-BUSINESS-TEAM_OPERATIONS-0135 | Hiring | 23755.77,JOINED,Team Ops hub has no Expense; Team meal/travel etc. use Team Update until Spend path wired — prefer B03 Spend for ops expenses
136,MTR-IOS-0136,Personal,Personal,Relationships,Celebrations,Expense,2025-11-21,00:05:45,2025-11-21 00:05:45,5772.26,INR,-5772.26,IOS Owner,,,MAESTRO-IOS-PERSONAL-RELATIONSHIPS-0136 | Celebrations | 5772.26,iPhone,B03,BASELINE_1_500,CREATED,idem-20260902-ios-0136,ios,P4,RELATIONSHIP_CONNECTION,Shared Exp,P4:Shared Exp,ACTIVE,qa.tile.shared_exp,personal.income.amount,personal.income.note,personal.income.submit,,Celebrations,MAESTRO-IOS-PERSONAL-RELATIONSHIPS-0136 | Celebrations | 5772.26,JOINED_REVIEW,Relationship spend categories use Shared Exp proxy — REVIEW
137,MTR-IOS-0137,Group,Shared Living,Shared Living,Rent,Expense,2025-10-24,19:24:14,2025-10-24 19:24:14,14722.69,INR,-14722.69,IOS Owner,3,PERCENTAGE,MAESTRO-IOS-GROUP-SHARED_LIVING-0137 | Rent | 14722.69,iPhone,B03,BASELINE_1_500,CREATED,idem-20260902-ios-0137,ios,G11,CO_LIVING,Expense,G11:Expense,ACTIVE,qa.tile.expense,group.expense.amount,group.expense.note,group.expense.submit,group.expense.split.percentage,Rent,MAESTRO-IOS-GROUP-SHARED_LIVING-0137 | Rent | 14722.69,JOINED,Ledger Quick_Add is expense category; Split_Method drives group.expense.split.*
138,MTR-IOS-0138,Business,Business,Team Operations,Team Meal,Expense,2026-05-04,03:14:44,2026-05-04 03:14:44,111815.52,INR,-111815.52,IOS Owner,,,MAESTRO-IOS-BUSINESS-TEAM_OPERATIONS-0138 | Team Meal | 111815.52,iPhone,B03,BASELINE_1_500,CREATED,idem-20260902-ios-0138,ios,B01,TEAM_OPERATIONS,Team Update,B01:Team Update,ACTIVE,,business.expense.amount,business.expense.note,business.expense.submit,,Team Meal,MAESTRO-IOS-BUSINESS-TEAM_OPERATIONS-0138 | Team Meal | 111815.52,JOINED,Team Ops hub has no Expense; Team meal/travel etc. use Team Update until Spend path wired — prefer B03 Spend for ops expenses
139,MTR-IOS-0139,Personal,Personal,Life Operations,Groceries,Expense,2026-07-11,20:19:16,2026-07-11 20:19:16,10801.91,INR,-10801.91,IOS Owner,,,MAESTRO-IOS-PERSONAL-LIFE_OPERATIONS-0139 | Groceries | 10801.91,iPhone,B03,BASELINE_1_500,CREATED,idem-20260902-ios-0139,ios,P1,LIFE_RHYTHM,Income,P1:Income,ACTIVE,qa.tile.income,personal.income.amount,personal.income.note,personal.income.submit,,Groceries,MAESTRO-IOS-PERSONAL-LIFE_OPERATIONS-0139 | Groceries | 10801.91,JOINED,Ledger category → money form; Android hub Income / iOS Expense label drift
140,MTR-IOS-0140,Group,Shared Living,Shared Living,Utilities,Expense,2026-04-08,07:51:26,2026-04-08 07:51:26,17152.95,INR,-17152.95,IOS Aarav,3,EXACT,MAESTRO-IOS-GROUP-SHARED_LIVING-0140 | Utilities | 17152.95,iPhone,B03,BASELINE_1_500,CREATED,idem-20260902-ios-0140,ios,G11,CO_LIVING,Expense,G11:Expense,ACTIVE,qa.tile.expense,group.expense.amount,group.expense.note,group.expense.submit,group.expense.split.exact,Utilities,MAESTRO-IOS-GROUP-SHARED_LIVING-0140 | Utilities | 17152.95,JOINED,Ledger Quick_Add is expense category; Split_Method drives group.expense.split.*
141,MTR-IOS-0141,Business,Business,Team Operations,Travel,Expense,2026-06-22,13:27:09,2026-06-22 13:27:09,65923.33,INR,-65923.33,IOS Owner,,,MAESTRO-IOS-BUSINESS-TEAM_OPERATIONS-0141 | Travel | 65923.33,iPhone,B03,BASELINE_1_500,CREATED,idem-20260902-ios-0141,ios,B01,TEAM_OPERATIONS,Team Update,B01:Team Update,ACTIVE,,business.expense.amount,business.expense.note,business.expense.submit,,Travel,MAESTRO-IOS-BUSINESS-TEAM_OPERATIONS-0141 | Travel | 65923.33,JOINED,Team Ops hub has no Expense; Team meal/travel etc. use Team Update until Spend path wired — prefer B03 Spend for ops expenses
142,MTR-IOS-0142,Personal,Personal,Life Operations,Rent,Expense,2025-12-18,09:37:01,2025-12-18 09:37:01,12878.9,INR,-12878.9,IOS Owner,,,MAESTRO-IOS-PERSONAL-LIFE_OPERATIONS-0142 | Rent | 12878.90,iPhone,B03,BASELINE_1_500,CREATED,idem-20260902-ios-0142,ios,P1,LIFE_RHYTHM,Income,P1:Income,ACTIVE,qa.tile.income,personal.income.amount,personal.income.note,personal.income.submit,,Rent,MAESTRO-IOS-PERSONAL-LIFE_OPERATIONS-0142 | Rent | 12878.90,JOINED,Ledger category → money form; Android hub Income / iOS Expense label drift
143,MTR-IOS-0143,Group,Shared Living,Shared Living,Groceries,Expense,2026-08-17,10:35:35,2026-08-17 10:35:35,23736.03,INR,-23736.03,IOS Meera,3,SHARES,MAESTRO-IOS-GROUP-SHARED_LIVING-0143 | Groceries | 23736.03,iPhone,B03,BASELINE_1_500,CREATED,idem-20260902-ios-0143,ios,G11,CO_LIVING,Expense,G11:Expense,ACTIVE,qa.tile.expense,group.expense.amount,group.expense.note,group.expense.submit,group.expense.split.shares,Groceries,MAESTRO-IOS-GROUP-SHARED_LIVING-0143 | Groceries | 23736.03,JOINED,Ledger Quick_Add is expense category; Split_Method drives group.expense.split.*
144,MTR-IOS-0144,Business,Business,Team Operations,Training,Expense,2026-03-20,10:38:17,2026-03-20 10:38:17,146788.26,INR,-146788.26,IOS Owner,,,MAESTRO-IOS-BUSINESS-TEAM_OPERATIONS-0144 | Training | 146788.26,iPhone,B03,BASELINE_1_500,CREATED,idem-20260902-ios-0144,ios,B01,TEAM_OPERATIONS,Team Update,B01:Team Update,ACTIVE,,business.expense.amount,business.expense.note,business.expense.submit,,Training,MAESTRO-IOS-BUSINESS-TEAM_OPERATIONS-0144 | Training | 146788.26,JOINED,Team Ops hub has no Expense; Team meal/travel etc. use Team Update until Spend path wired — prefer B03 Spend for ops expenses
145,MTR-IOS-0145,Personal,Personal,Life Operations,Bills,Expense,2026-04-22,12:56:10,2026-04-22 12:56:10,7474.05,INR,-7474.05,IOS Owner,,,MAESTRO-IOS-PERSONAL-LIFE_OPERATIONS-0145 | Bills | 7474.05,iPhone,B03,BASELINE_1_500,CREATED,idem-20260902-ios-0145,ios,P1,LIFE_RHYTHM,Income,P1:Income,ACTIVE,qa.tile.income,personal.income.amount,personal.income.note,personal.income.submit,,Bills,MAESTRO-IOS-PERSONAL-LIFE_OPERATIONS-0145 | Bills | 7474.05,JOINED,Ledger category → money form; Android hub Income / iOS Expense label drift
146,MTR-IOS-0146,Group,Shared Living,Shared Living,Maintenance,Expense,2026-02-18,06:02:21,2026-02-18 06:02:21,10279.0,INR,-10279.0,IOS Owner,3,EQUAL,MAESTRO-IOS-GROUP-SHARED_LIVING-0146 | Maintenance | 10279.00,iPhone,B03,BASELINE_1_500,CREATED,idem-20260902-ios-0146,ios,G11,CO_LIVING,Expense,G11:Expense,ACTIVE,qa.tile.expense,group.expense.amount,group.expense.note,group.expense.submit,group.expense.split.equal,Maintenance,MAESTRO-IOS-GROUP-SHARED_LIVING-0146 | Maintenance | 10279.00,JOINED,Ledger Quick_Add is expense category; Split_Method drives group.expense.split.*
147,MTR-IOS-0147,Business,Business,Team Operations,Tools,Expense,2026-08-03,09:31:33,2026-08-03 09:31:33,93638.52,INR,-93638.52,IOS Owner,,,MAESTRO-IOS-BUSINESS-TEAM_OPERATIONS-0147 | Tools | 93638.52,iPhone,B03,BASELINE_1_500,CREATED,idem-20260902-ios-0147,ios,B01,TEAM_OPERATIONS,Team Update,B01:Team Update,ACTIVE,,business.expense.amount,business.expense.note,business.expense.submit,,Tools,MAESTRO-IOS-BUSINESS-TEAM_OPERATIONS-0147 | Tools | 93638.52,JOINED,Team Ops hub has no Expense; Team meal/travel etc. use Team Update until Spend path wired — prefer B03 Spend for ops expenses
148,MTR-IOS-0148,Personal,Personal,Life Operations,Transport,Expense,2026-06-16,21:29:16,2026-06-16 21:29:16,999.99,INR,-999.99,IOS Owner,,,MAESTRO-IOS-PERSONAL-LIFE_OPERATIONS-0148 | Transport | 999.99,iPhone,B03,BASELINE_1_500,CREATED,idem-20260902-ios-0148,ios,P1,LIFE_RHYTHM,Income,P1:Income,ACTIVE,qa.tile.income,personal.income.amount,personal.income.note,personal.income.submit,,Transport,MAESTRO-IOS-PERSONAL-LIFE_OPERATIONS-0148 | Transport | 999.99,JOINED,Ledger category → money form; Android hub Income / iOS Expense label drift
149,MTR-IOS-0149,Group,Shared Living,Shared Living,Other,Expense,2026-06-08,12:56:42,2026-06-08 12:56:42,16826.75,INR,-16826.75,IOS Aarav,3,PERCENTAGE,MAESTRO-IOS-GROUP-SHARED_LIVING-0149 | Other | 16826.75,iPhone,B03,BASELINE_1_500,CREATED,idem-20260902-ios-0149,ios,G11,CO_LIVING,Expense,G11:Expense,ACTIVE,qa.tile.expense,group.expense.amount,group.expense.note,group.expense.submit,group.expense.split.percentage,Other,MAESTRO-IOS-GROUP-SHARED_LIVING-0149 | Other | 16826.75,JOINED,Ledger Quick_Add is expense category; Split_Method drives group.expense.split.*
150,MTR-IOS-0150,Business,Business,Business Runway,Funding,Income,2026-06-19,21:57:29,2026-06-19 21:57:29,46466.32,INR,46466.32,IOS Owner,,,MAESTRO-IOS-BUSINESS-BUSINESS_RUNWAY-0150 | Funding | 46466.32,iPhone,B03,BASELINE_1_500,CREATED,idem-20260902-ios-0150,ios,B02,BUSINESS_RUNWAY,Revenue,B02:Revenue,ACTIVE,qa.tile.revenue,business.revenue.amount,,business.revenue.submit,,Funding,MAESTRO-IOS-BUSINESS-BUSINESS_RUNWAY-0150 | Funding | 46466.32,JOINED,Funding/Investment/Loan/Revenue → Runway Revenue
